Sr.No,Round ▲▼,Institute ▲▼,Program ▲▼,Quota ▲▼,Category ▲▼,Opening Rank ▲▼,Closing Rank ▲▼,Round_Name
1,Round 1,"Harcourt Butler Technical University, Kanpur",CHEMICAL TECHNOLOGY (FOOD TECHNOLOGY),All India,SC,325421.0,325421.0,Round 1
2,Round 1,"Harcourt Butler Technical University, Kanpur",CHEMICAL TECHNOLOGY (FOOD TECHNOLOGY),Home State,BC(AF),121010.0,121010.0,Round 1
3,Round 1,"Harcourt Butler Technical University, Kanpur",CHEMICAL TECHNOLOGY (FOOD TECHNOLOGY),Home State,BC(GIRL),102821.0,115362.0,Round 1
4,Round 1,"Harcourt Butler Technical University, Kanpur",CHEMICAL TECHNOLOGY (FOOD TECHNOLOGY),Home State,BC,100988.0,116141.0,Round 1
5,Round 1,"Harcourt Butler Technical University, Kanpur",CHEMICAL TECHNOLOGY (FOOD TECHNOLOGY),Home State,EWS(GIRL),111413.0,115123.0,Round 1
6,Round 1,"Harcourt Butler Technical University, Kanpur",CHEMICAL TECHNOLOGY (FOOD TECHNOLOGY),Home State,EWS,101429.0,105415.0,Round 1
7,Round 1,"Harcourt Butler Technical University, Kanpur",CHEMICAL TECHNOLOGY (FOOD TECHNOLOGY),Home State,OPEN(AF),103981.0,103981.0,Round 1
8,Round 1,"Harcourt Butler Technical University, Kanpur",CHEMICAL TECHNOLOGY (FOOD TECHNOLOGY),Home State,OPEN(FF),1096954.0,1096954.0,Round 1
9,Round 1,"Harcourt Butler Technical University, Kanpur",CHEMICAL TECHNOLOGY (FOOD TECHNOLOGY),Home State,OPEN GIRL,56908.0,101047.0,Round 1
10,Round 1,"Harcourt Butler Technical University, Kanpur",CHEMICAL TECHNOLOGY (FOOD TECHNOLOGY),Home State,OPEN,72810.0,94019.0,Round 1
11,Round 1,"Harcourt Butler Technical University, Kanpur",CHEMICAL TECHNOLOGY (FOOD TECHNOLOGY),Home State,SC(AF),500483.0,500483.0,Round 1
12,Round 1,"Harcourt Butler Technical University, Kanpur",CHEMICAL TECHNOLOGY (FOOD TECHNOLOGY),Home State,SC(GIRL),320192.0,330984.0,Round 1
13,Round 1,"Harcourt Butler Technical University, Kanpur",CHEMICAL TECHNOLOGY (FOOD TECHNOLOGY),Home State,SC,213222.0,295359.0,Round 1
14,Round 1,"Harcourt Butler Technical University, Kanpur",CHEMICAL TECHNOLOGY (FOOD TECHNOLOGY),Home State,ST(GIRL),719869.0,719869.0,Round 1
15,Round 1,"Harcourt Butler Technical University, Kanpur",CHEMICAL TECHNOLOGY (FOOD TECHNOLOGY) (TFW),Home State,OPEN (TF),80658.0,87212.0,Round 1
16,Round 1,"Harcourt Butler Technical University, Kanpur",CHEMICAL TECHNOLOGY (PAINT TECHNOLOGY),All India,OPEN,38790.0,53230.0,Round 1
17,Round 1,"Harcourt Butler Technical University, Kanpur",CHEMICAL TECHNOLOGY (PAINT TECHNOLOGY),All India,SC,345128.0,345128.0,Round 1
18,Round 1,"Harcourt Butler Technical University, Kanpur",CHEMICAL TECHNOLOGY (PAINT TECHNOLOGY),Home State,BC(AF),92735.0,92735.0,Round 1
19,Round 1,"Harcourt Butler Technical University, Kanpur",CHEMICAL TECHNOLOGY (PAINT TECHNOLOGY),Home State,BC(GIRL),92656.0,103882.0,Round 1
20,Round 1,"Harcourt Butler Technical University, Kanpur",CHEMICAL TECHNOLOGY (PAINT TECHNOLOGY),Home State,BC,81095.0,90556.0,Round 1
21,Round 1,"Harcourt Butler Technical University, Kanpur",CHEMICAL TECHNOLOGY (PAINT TECHNOLOGY),Home State,EWS(GIRL),96384.0,96384.0,Round 1
22,Round 1,"Harcourt Butler Technical University, Kanpur",CHEMICAL TECHNOLOGY (PAINT TECHNOLOGY),Home State,EWS,80119.0,83778.0,Round 1
23,Round 1,"Harcourt Butler Technical University, Kanpur",CHEMICAL TECHNOLOGY (PAINT TECHNOLOGY),Home State,OPEN(AF),91366.0,91366.0,Round 1
24,Round 1,"Harcourt Butler Technical University, Kanpur",CHEMICAL TECHNOLOGY (PAINT TECHNOLOGY),Home State,OPEN GIRL,67978.0,86651.0,Round 1
25,Round 1,"Harcourt Butler Technical University, Kanpur",CHEMICAL TECHNOLOGY (PAINT TECHNOLOGY),Home State,OPEN,58928.0,79788.0,Round 1
26,Round 1,"Harcourt Butler Technical University, Kanpur",CHEMICAL TECHNOLOGY (PAINT TECHNOLOGY),Home State,SC(AF),332234.0,332234.0,Round 1
27,Round 1,"Harcourt Butler Technical University, Kanpur",CHEMICAL TECHNOLOGY (PAINT TECHNOLOGY),Home State,SC(GIRL),297345.0,312946.0,Round 1
28,Round 1,"Harcourt Butler Technical University, Kanpur",CHEMICAL TECHNOLOGY (PAINT TECHNOLOGY),Home State,SC,200301.0,292919.0,Round 1
29,Round 1,"Harcourt Butler Technical University, Kanpur",CHEMICAL TECHNOLOGY (PAINT TECHNOLOGY),Home State,ST,450420.0,450420.0,Round 1
30,Round 1,"Harcourt Butler Technical University, Kanpur",CHEMICAL TECHNOLOGY (PAINT TECHNOLOGY) (TFW),Home State,OPEN (TF),64823.0,73428.0,Round 1
31,Round 1,"Harcourt Butler Technical University, Kanpur",CIVIL ENGG.,All India,BC,55158.0,55158.0,Round 1
32,Round 1,"Harcourt Butler Technical University, Kanpur",CIVIL ENGG.,All India,OPEN,45661.0,45661.0,Round 1
33,Round 1,"Harcourt Butler Technical University, Kanpur",CIVIL ENGG.,All India,SC,279282.0,279282.0,Round 1
34,Round 1,"Harcourt Butler Technical University, Kanpur",CIVIL ENGG.,Home State,BC(AF),88537.0,88537.0,Round 1
35,Round 1,"Harcourt Butler Technical University, Kanpur",CIVIL ENGG.,Home State,BC(GIRL),78018.0,90526.0,Round 1
36,Round 1,"Harcourt Butler Technical University, Kanpur",CIVIL ENGG.,Home State,BC,65490.0,74907.0,Round 1
37,Round 1,"Harcourt Butler Technical University, Kanpur",CIVIL ENGG.,Home State,EWS(AF),137917.0,137917.0,Round 1
38,Round 1,"Harcourt Butler Technical University, Kanpur",CIVIL ENGG.,Home State,EWS(GIRL),76122.0,76122.0,Round 1
39,Round 1,"Harcourt Butler Technical University, Kanpur",CIVIL ENGG.,Home State,EWS,67061.0,75311.0,Round 1
40,Round 1,"Harcourt Butler Technical University, Kanpur",CIVIL ENGG.,Home State,OPEN(AF),71917.0,71917.0,Round 1
41,Round 1,"Harcourt Butler Technical University, Kanpur",CIVIL ENGG.,Home State,OPEN(FF),642319.0,642319.0,Round 1
42,Round 1,"Harcourt Butler Technical University, Kanpur",CIVIL ENGG.,Home State,OPEN GIRL,62923.0,72273.0,Round 1
43,Round 1,"Harcourt Butler Technical University, Kanpur",CIVIL ENGG.,Home State,OPEN,40451.0,64949.0,Round 1
44,Round 1,"Harcourt Butler Technical University, Kanpur",CIVIL ENGG.,Home State,OPEN(PH),1218127.0,1329444.0,Round 1
45,Round 1,"Harcourt Butler Technical University, Kanpur",CIVIL ENGG.,Home State,SC(AF),395819.0,395819.0,Round 1
46,Round 1,"Harcourt Butler Technical University, Kanpur",CIVIL ENGG.,Home State,SC(GIRL),166950.0,261333.0,Round 1
47,Round 1,"Harcourt Butler Technical University, Kanpur",CIVIL ENGG.,Home State,SC,143075.0,222711.0,Round 1
48,Round 1,"Harcourt Butler Technical University, Kanpur",CIVIL ENGG.,Home State,ST(GIRL),291274.0,291274.0,Round 1
49,Round 1,"Harcourt Butler Technical University, Kanpur",CIVIL ENGG.,Home State,ST,269185.0,269185.0,Round 1
50,Round 1,"Harcourt Butler Technical University, Kanpur",CIVIL ENGG. (TFW),Home State,OPEN (TF),54810.0,65844.0,Round 1
51,Round 1,"Harcourt Butler Technical University, Kanpur",COMPUTER SC. & ENGG.,All India,BC,42488.0,42488.0,Round 1
52,Round 1,"Harcourt Butler Technical University, Kanpur",COMPUTER SC. & ENGG.,All India,OPEN,11039.0,11799.0,Round 1
53,Round 1,"Harcourt Butler Technical University, Kanpur",COMPUTER SC. & ENGG.,Home State,BC(AF),50740.0,50740.0,Round 1
54,Round 1,"Harcourt Butler Technical University, Kanpur",COMPUTER SC. & ENGG.,Home State,BC(FF),642640.0,642640.0,Round 1
55,Round 1,"Harcourt Butler Technical University, Kanpur",COMPUTER SC. & ENGG.,Home State,BC(GIRL),40906.0,46297.0,Round 1
56,Round 1,"Harcourt Butler Technical University, Kanpur",COMPUTER SC. & ENGG.,Home State,BC,31392.0,39975.0,Round 1
57,Round 1,"Harcourt Butler Technical University, Kanpur",COMPUTER SC. & ENGG.,Home State,BC(PH),211643.0,211643.0,Round 1
58,Round 1,"Harcourt Butler Technical University, Kanpur",COMPUTER SC. & ENGG.,Home State,EWS(GIRL),37305.0,37305.0,Round 1
59,Round 1,"Harcourt Butler Technical University, Kanpur",COMPUTER SC. & ENGG.,Home State,EWS,28846.0,35332.0,Round 1
60,Round 1,"Harcourt Butler Technical University, Kanpur",COMPUTER SC. & ENGG.,Home State,EWS(PH),681057.0,681057.0,Round 1
61,Round 1,"Harcourt Butler Technical University, Kanpur",COMPUTER SC. & ENGG.,Home State,OPEN(AF),29711.0,32628.0,Round 1
62,Round 1,"Harcourt Butler Technical University, Kanpur",COMPUTER SC. & ENGG.,Home State,OPEN GIRL,15519.0,32170.0,Round 1
63,Round 1,"Harcourt Butler Technical University, Kanpur",COMPUTER SC. & ENGG.,Home State,OPEN,9702.0,26726.0,Round 1
64,Round 1,"Harcourt Butler Technical University, Kanpur",COMPUTER SC. & ENGG.,Home State,OPEN(PH),130501.0,134244.0,Round 1
65,Round 1,"Harcourt Butler Technical University, Kanpur",COMPUTER SC. & ENGG.,Home State,SC(AF),259399.0,259399.0,Round 1
66,Round 1,"Harcourt Butler Technical University, Kanpur",COMPUTER SC. & ENGG.,Home State,SC(GIRL),147773.0,188252.0,Round 1
67,Round 1,"Harcourt Butler Technical University, Kanpur",COMPUTER SC. & ENGG.,Home State,SC,95251.0,136588.0,Round 1
68,Round 1,"Harcourt Butler Technical University, Kanpur",COMPUTER SC. & ENGG.,Home State,SC(PH),343115.0,343115.0,Round 1
69,Round 1,"Harcourt Butler Technical University, Kanpur",COMPUTER SC. & ENGG.,Home State,ST,209184.0,209184.0,Round 1
70,Round 1,"Harcourt Butler Technical University, Kanpur",COMPUTER SC. & ENGG. (TFW),Home State,OPEN (TF),8266.0,19017.0,Round 1
71,Round 1,"Harcourt Butler Technical University, Kanpur",ELECTRICAL ENGG.,All India,BC,47840.0,47840.0,Round 1
72,Round 1,"Harcourt Butler Technical University, Kanpur",ELECTRICAL ENGG.,All India,OPEN,32472.0,32472.0,Round 1
73,Round 1,"Harcourt Butler Technical University, Kanpur",ELECTRICAL ENGG.,All India,SC,218777.0,218777.0,Round 1
74,Round 1,"Harcourt Butler Technical University, Kanpur",ELECTRICAL ENGG.,Home State,BC(AF),74766.0,74766.0,Round 1
75,Round 1,"Harcourt Butler Technical University, Kanpur",ELECTRICAL ENGG.,Home State,BC(GIRL),60180.0,65041.0,Round 1
76,Round 1,"Harcourt Butler Technical University, Kanpur",ELECTRICAL ENGG.,Home State,BC,50266.0,54967.0,Round 1
77,Round 1,"Harcourt Butler Technical University, Kanpur",ELECTRICAL ENGG.,Home State,BC(PH),1193832.0,1193832.0,Round 1
78,Round 1,"Harcourt Butler Technical University, Kanpur",ELECTRICAL ENGG.,Home State,EWS(AF),70054.0,70054.0,Round 1
79,Round 1,"Harcourt Butler Technical University, Kanpur",ELECTRICAL ENGG.,Home State,EWS(GIRL),55567.0,57493.0,Round 1
80,Round 1,"Harcourt Butler Technical University, Kanpur",ELECTRICAL ENGG.,Home State,EWS,50291.0,55970.0,Round 1
81,Round 1,"Harcourt Butler Technical University, Kanpur",ELECTRICAL ENGG.,Home State,OPEN(AF),59884.0,59884.0,Round 1
82,Round 1,"Harcourt Butler Technical University, Kanpur",ELECTRICAL ENGG.,Home State,OPEN(FF),192325.0,192325.0,Round 1
83,Round 1,"Harcourt Butler Technical University, Kanpur",ELECTRICAL ENGG.,Home State,OPEN GIRL,43110.0,50819.0,Round 1
84,Round 1,"Harcourt Butler Technical University, Kanpur",ELECTRICAL ENGG.,Home State,OPEN,38910.0,47243.0,Round 1
85,Round 1,"Harcourt Butler Technical University, Kanpur",ELECTRICAL ENGG.,Home State,OPEN(PH),770910.0,1082513.0,Round 1
86,Round 1,"Harcourt Butler Technical University, Kanpur",ELECTRICAL ENGG.,Home State,SC(AF),309120.0,309120.0,Round 1
87,Round 1,"Harcourt Butler Technical University, Kanpur",ELECTRICAL ENGG.,Home State,SC(GIRL),212498.0,241033.0,Round 1
88,Round 1,"Harcourt Butler Technical University, Kanpur",ELECTRICAL ENGG.,Home State,SC,169558.0,184656.0,Round 1
89,Round 1,"Harcourt Butler Technical University, Kanpur",ELECTRICAL ENGG.,Home State,ST,284770.0,284770.0,Round 1
90,Round 1,"Harcourt Butler Technical University, Kanpur",ELECTRICAL ENGG. (TFW),Home State,OPEN (TF),46665.0,48566.0,Round 1
91,Round 1,"Harcourt Butler Technical University, Kanpur",ELECTRONICS ENGG.,All India,BC,45907.0,45907.0,Round 1
92,Round 1,"Harcourt Butler Technical University, Kanpur",ELECTRONICS ENGG.,All India,OPEN,27401.0,29970.0,Round 1
93,Round 1,"Harcourt Butler Technical University, Kanpur",ELECTRONICS ENGG.,Home State,BC(AF),66126.0,66126.0,Round 1
94,Round 1,"Harcourt Butler Technical University, Kanpur",ELECTRONICS ENGG.,Home State,BC(GIRL),52123.0,57295.0,Round 1
95,Round 1,"Harcourt Butler Technical University, Kanpur",ELECTRONICS ENGG.,Home State,BC,44871.0,50144.0,Round 1
96,Round 1,"Harcourt Butler Technical University, Kanpur",ELECTRONICS ENGG.,Home State,BC(PH),749654.0,749654.0,Round 1
97,Round 1,"Harcourt Butler Technical University, Kanpur",ELECTRONICS ENGG.,Home State,EWS(GIRL),49713.0,49713.0,Round 1
98,Round 1,"Harcourt Butler Technical University, Kanpur",ELECTRONICS ENGG.,Home State,EWS,43363.0,46624.0,Round 1
99,Round 1,"Harcourt Butler Technical University, Kanpur",ELECTRONICS ENGG.,Home State,EWS(PH),1219758.0,1219758.0,Round 1
100,Round 1,"Harcourt Butler Technical University, Kanpur",ELECTRONICS ENGG.,Home State,OPEN(AF),45809.0,53020.0,Round 1
101,Round 1,"Harcourt Butler Technical University, Kanpur",ELECTRONICS ENGG.,Home State,OPEN(FF),98748.0,98748.0,Round 1
102,Round 1,"Harcourt Butler Technical University, Kanpur",ELECTRONICS ENGG.,Home State,OPEN GIRL,33871.0,48371.0,Round 1
103,Round 1,"Harcourt Butler Technical University, Kanpur",ELECTRONICS ENGG.,Home State,OPEN,23433.0,40982.0,Round 1
104,Round 1,"Harcourt Butler Technical University, Kanpur",ELECTRONICS ENGG.,Home State,OPEN(PH),404611.0,404611.0,Round 1
105,Round 1,"Harcourt Butler Technical University, Kanpur",ELECTRONICS ENGG.,Home State,SC(AF),291628.0,291628.0,Round 1
106,Round 1,"Harcourt Butler Technical University, Kanpur",ELECTRONICS ENGG.,Home State,SC(GIRL),206825.0,238538.0,Round 1
107,Round 1,"Harcourt Butler Technical University, Kanpur",ELECTRONICS ENGG.,Home State,SC,104147.0,169555.0,Round 1
108,Round 1,"Harcourt Butler Technical University, Kanpur",ELECTRONICS ENGG.,Home State,SC(PH),843231.0,843231.0,Round 1
109,Round 1,"Harcourt Butler Technical University, Kanpur",ELECTRONICS ENGG.,Home State,ST(GIRL),537059.0,537059.0,Round 1
110,Round 1,"Harcourt Butler Technical University, Kanpur",ELECTRONICS ENGG.,Home State,ST,276638.0,276638.0,Round 1
111,Round 1,"Harcourt Butler Technical University, Kanpur",ELECTRONICS ENGG. (TFW),Home State,OPEN (TF),39236.0,40656.0,Round 1
112,Round 1,"Harcourt Butler Technical University, Kanpur",MECHANICAL ENGG.,All India,BC,54522.0,54522.0,Round 1
113,Round 1,"Harcourt Butler Technical University, Kanpur",MECHANICAL ENGG.,All India,OPEN,29990.0,29990.0,Round 1
114,Round 1,"Harcourt Butler Technical University, Kanpur",MECHANICAL ENGG.,All India,SC,30200.0,30200.0,Round 1
115,Round 1,"Harcourt Butler Technical University, Kanpur",MECHANICAL ENGG.,Home State,BC(AF),82206.0,82206.0,Round 1
116,Round 1,"Harcourt Butler Technical University, Kanpur",MECHANICAL ENGG.,Home State,BC(GIRL),67857.0,77804.0,Round 1
117,Round 1,"Harcourt Butler Technical University, Kanpur",MECHANICAL ENGG.,Home State,BC,54981.0,65402.0,Round 1
118,Round 1,"Harcourt Butler Technical University, Kanpur",MECHANICAL ENGG.,Home State,BC(PH),1239178.0,1239178.0,Round 1
119,Round 1,"Harcourt Butler Technical University, Kanpur",MECHANICAL ENGG.,Home State,EWS(AF),114428.0,114428.0,Round 1
120,Round 1,"Harcourt Butler Technical University, Kanpur",MECHANICAL ENGG.,Home State,EWS(GIRL),69074.0,69074.0,Round 1
121,Round 1,"Harcourt Butler Technical University, Kanpur",MECHANICAL ENGG.,Home State,EWS,57543.0,64257.0,Round 1
122,Round 1,"Harcourt Butler Technical University, Kanpur",MECHANICAL ENGG.,Home State,OPEN(AF),67818.0,67818.0,Round 1
123,Round 1,"Harcourt Butler Technical University, Kanpur",MECHANICAL ENGG.,Home State,OPEN GIRL,53923.0,67072.0,Round 1
124,Round 1,"Harcourt Butler Technical University, Kanpur",MECHANICAL ENGG.,Home State,OPEN,43876.0,53276.0,Round 1
125,Round 1,"Harcourt Butler Technical University, Kanpur",MECHANICAL ENGG.,Home State,OPEN(PH),982476.0,1047913.0,Round 1
126,Round 1,"Harcourt Butler Technical University, Kanpur",MECHANICAL ENGG.,Home State,SC(AF),474811.0,474811.0,Round 1
127,Round 1,"Harcourt Butler Technical University, Kanpur",MECHANICAL ENGG.,Home State,SC(GIRL),241058.0,255542.0,Round 1
128,Round 1,"Harcourt Butler Technical University, Kanpur",MECHANICAL ENGG.,Home State,SC,170031.0,200387.0,Round 1
129,Round 1,"Harcourt Butler Technical University, Kanpur",MECHANICAL ENGG.,Home State,ST,317740.0,317740.0,Round 1
130,Round 1,"Harcourt Butler Technical University, Kanpur",MECHANICAL ENGG. (TFW),Home State,OPEN (TF),40804.0,52339.0,Round 1
131,Round 1,"Harcourt Butler Technical University, Kanpur",CHEMICAL ENGG.,All India,BC,61429.0,61429.0,Round 1
132,Round 1,"Harcourt Butler Technical University, Kanpur",CHEMICAL ENGG.,All India,OPEN,37794.0,38484.0,Round 1
133,Round 1,"Harcourt Butler Technical University, Kanpur",CHEMICAL ENGG.,Home State,BC(AF),86105.0,86105.0,Round 1
134,Round 1,"Harcourt Butler Technical University, Kanpur",CHEMICAL ENGG.,Home State,BC(GIRL),64621.0,84415.0,Round 1
135,Round 1,"Harcourt Butler Technical University, Kanpur",CHEMICAL ENGG.,Home State,BC,58914.0,69488.0,Round 1
136,Round 1,"Harcourt Butler Technical University, Kanpur",CHEMICAL ENGG.,Home State,EWS(GIRL),66089.0,66575.0,Round 1
137,Round 1,"Harcourt Butler Technical University, Kanpur",CHEMICAL ENGG.,Home State,EWS,58943.0,63453.0,Round 1
138,Round 1,"Harcourt Butler Technical University, Kanpur",CHEMICAL ENGG.,Home State,EWS(PH),925387.0,925387.0,Round 1
139,Round 1,"Harcourt Butler Technical University, Kanpur",CHEMICAL ENGG.,Home State,OPEN(AF),67003.0,67003.0,Round 1
140,Round 1,"Harcourt Butler Technical University, Kanpur",CHEMICAL ENGG.,Home State,OPEN(FF),390277.0,390277.0,Round 1
141,Round 1,"Harcourt Butler Technical University, Kanpur",CHEMICAL ENGG.,Home State,OPEN GIRL,56461.0,63228.0,Round 1
142,Round 1,"Harcourt Butler Technical University, Kanpur",CHEMICAL ENGG.,Home State,OPEN,42601.0,58197.0,Round 1
143,Round 1,"Harcourt Butler Technical University, Kanpur",CHEMICAL ENGG.,Home State,OPEN(PH),841568.0,918932.0,Round 1
144,Round 1,"Harcourt Butler Technical University, Kanpur",CHEMICAL ENGG.,Home State,SC(AF),303956.0,303956.0,Round 1
145,Round 1,"Harcourt Butler Technical University, Kanpur",CHEMICAL ENGG.,Home State,SC(GIRL),192215.0,251102.0,Round 1
146,Round 1,"Harcourt Butler Technical University, Kanpur",CHEMICAL ENGG.,Home State,SC,195617.0,212919.0,Round 1
147,Round 1,"Harcourt Butler Technical University, Kanpur",CHEMICAL ENGG.,Home State,SC(PH),1051172.0,1051172.0,Round 1
148,Round 1,"Harcourt Butler Technical University, Kanpur",CHEMICAL ENGG.,Home State,ST,361174.0,361174.0,Round 1
149,Round 1,"Harcourt Butler Technical University, Kanpur",CHEMICAL ENGG. (TFW),Home State,OPEN (TF),53906.0,55792.0,Round 1
150,Round 1,"Harcourt Butler Technical University, Kanpur",CHEMICAL TECHNOLOGY (BIOCHEMICAL ENGG.),All India,BC,66624.0,66624.0,Round 1
151,Round 1,"Harcourt Butler Technical University, Kanpur",CHEMICAL TECHNOLOGY (BIOCHEMICAL ENGG.),All India,OPEN,38210.0,38210.0,Round 1
152,Round 1,"Harcourt Butler Technical University, Kanpur",CHEMICAL TECHNOLOGY (BIOCHEMICAL ENGG.),All India,SC,339078.0,339078.0,Round 1
153,Round 1,"Harcourt Butler Technical University, Kanpur",CHEMICAL TECHNOLOGY (BIOCHEMICAL ENGG.),Home State,BC(GIRL),109098.0,116923.0,Round 1
154,Round 1,"Harcourt Butler Technical University, Kanpur",CHEMICAL TECHNOLOGY (BIOCHEMICAL ENGG.),Home State,BC,85534.0,112391.0,Round 1
155,Round 1,"Harcourt Butler Technical University, Kanpur",CHEMICAL TECHNOLOGY (BIOCHEMICAL ENGG.),Home State,EWS(GIRL),95966.0,95966.0,Round 1
156,Round 1,"Harcourt Butler Technical University, Kanpur",CHEMICAL TECHNOLOGY (BIOCHEMICAL ENGG.),Home State,EWS,85864.0,101250.0,Round 1
157,Round 1,"Harcourt Butler Technical University, Kanpur",CHEMICAL TECHNOLOGY (BIOCHEMICAL ENGG.),Home State,OPEN(AF),98367.0,98367.0,Round 1
158,Round 1,"Harcourt Butler Technical University, Kanpur",CHEMICAL TECHNOLOGY (BIOCHEMICAL ENGG.),Home State,OPEN GIRL,76507.0,84706.0,Round 1
159,Round 1,"Harcourt Butler Technical University, Kanpur",CHEMICAL TECHNOLOGY (BIOCHEMICAL ENGG.),Home State,OPEN,60577.0,81275.0,Round 1
160,Round 1,"Harcourt Butler Technical University, Kanpur",CHEMICAL TECHNOLOGY (BIOCHEMICAL ENGG.),Home State,OPEN(PH),1261057.0,1261057.0,Round 1
161,Round 1,"Harcourt Butler Technical University, Kanpur",CHEMICAL TECHNOLOGY (BIOCHEMICAL ENGG.),Home State,SC(AF),567642.0,567642.0,Round 1
162,Round 1,"Harcourt Butler Technical University, Kanpur",CHEMICAL TECHNOLOGY (BIOCHEMICAL ENGG.),Home State,SC(GIRL),271767.0,307312.0,Round 1
163,Round 1,"Harcourt Butler Technical University, Kanpur",CHEMICAL TECHNOLOGY (BIOCHEMICAL ENGG.),Home State,SC,224574.0,266060.0,Round 1
164,Round 1,"Harcourt Butler Technical University, Kanpur",CHEMICAL TECHNOLOGY (BIOCHEMICAL ENGG.),Home State,ST,362924.0,362924.0,Round 1
165,Round 1,"Harcourt Butler Technical University, Kanpur",CHEMICAL TECHNOLOGY (BIOCHEMICAL ENGG.) (TFW),Home State,OPEN (TF),73150.0,90109.0,Round 1
166,Round 1,"Harcourt Butler Technical University, Kanpur",CHEMICAL TECHNOLOGY (OIL TECHNOLOGY),All India,BC,61549.0,61549.0,Round 1
167,Round 1,"Harcourt Butler Technical University, Kanpur",CHEMICAL TECHNOLOGY (OIL TECHNOLOGY),All India,OPEN,45208.0,45208.0,Round 1
168,Round 1,"Harcourt Butler Technical University, Kanpur",CHEMICAL TECHNOLOGY (OIL TECHNOLOGY),All India,SC,329997.0,329997.0,Round 1
169,Round 1,"Harcourt Butler Technical University, Kanpur",CHEMICAL TECHNOLOGY (OIL TECHNOLOGY),Home State,BC(AF),136729.0,136729.0,Round 1
170,Round 1,"Harcourt Butler Technical University, Kanpur",CHEMICAL TECHNOLOGY (OIL TECHNOLOGY),Home State,BC(GIRL),107382.0,130903.0,Round 1
171,Round 1,"Harcourt Butler Technical University, Kanpur",CHEMICAL TECHNOLOGY (OIL TECHNOLOGY),Home State,BC,89902.0,100086.0,Round 1
172,Round 1,"Harcourt Butler Technical University, Kanpur",CHEMICAL TECHNOLOGY (OIL TECHNOLOGY),Home State,EWS(GIRL),121750.0,121750.0,Round 1
173,Round 1,"Harcourt Butler Technical University, Kanpur",CHEMICAL TECHNOLOGY (OIL TECHNOLOGY),Home State,EWS,89571.0,103284.0,Round 1
174,Round 1,"Harcourt Butler Technical University, Kanpur",CHEMICAL TECHNOLOGY (OIL TECHNOLOGY),Home State,OPEN(AF),115410.0,125453.0,Round 1
175,Round 1,"Harcourt Butler Technical University, Kanpur",CHEMICAL TECHNOLOGY (OIL TECHNOLOGY),Home State,OPEN GIRL,67842.0,104360.0,Round 1
176,Round 1,"Harcourt Butler Technical University, Kanpur",CHEMICAL TECHNOLOGY (OIL TECHNOLOGY),Home State,OPEN,60792.0,87867.0,Round 1
177,Round 1,"Harcourt Butler Technical University, Kanpur",CHEMICAL TECHNOLOGY (OIL TECHNOLOGY),Home State,OPEN(PH),1109200.0,1109200.0,Round 1
178,Round 1,"Harcourt Butler Technical University, Kanpur",CHEMICAL TECHNOLOGY (OIL TECHNOLOGY),Home State,SC(AF),629298.0,629298.0,Round 1
179,Round 1,"Harcourt Butler Technical University, Kanpur",CHEMICAL TECHNOLOGY (OIL TECHNOLOGY),Home State,SC(GIRL),278521.0,324154.0,Round 1
180,Round 1,"Harcourt Butler Technical University, Kanpur",CHEMICAL TECHNOLOGY (OIL TECHNOLOGY),Home State,SC,213922.0,303417.0,Round 1
181,Round 1,"Harcourt Butler Technical University, Kanpur",CHEMICAL TECHNOLOGY (OIL TECHNOLOGY),Home State,ST,416322.0,416322.0,Round 1
182,Round 1,"Harcourt Butler Technical University, Kanpur",CHEMICAL TECHNOLOGY (OIL TECHNOLOGY) (TFW),Home State,OPEN (TF),72926.0,77026.0,Round 1
183,Round 1,"Harcourt Butler Technical University, Kanpur",INFORMATION TECHNOLOGY,All India,BC,42517.0,42517.0,Round 1
184,Round 1,"Harcourt Butler Technical University, Kanpur",INFORMATION TECHNOLOGY,All India,OPEN,20347.0,20844.0,Round 1
185,Round 1,"Harcourt Butler Technical University, Kanpur",INFORMATION TECHNOLOGY,Home State,BC(AF),63346.0,63346.0,Round 1
186,Round 1,"Harcourt Butler Technical University, Kanpur",INFORMATION TECHNOLOGY,Home State,BC(GIRL),49893.0,52066.0,Round 1
187,Round 1,"Harcourt Butler Technical University, Kanpur",INFORMATION TECHNOLOGY,Home State,BC,40819.0,44675.0,Round 1
188,Round 1,"Harcourt Butler Technical University, Kanpur",INFORMATION TECHNOLOGY,Home State,BC(PH),615202.0,615202.0,Round 1
189,Round 1,"Harcourt Butler Technical University, Kanpur",INFORMATION TECHNOLOGY,Home State,EWS(GIRL),43555.0,43746.0,Round 1
190,Round 1,"Harcourt Butler Technical University, Kanpur",INFORMATION TECHNOLOGY,Home State,EWS,36887.0,39853.0,Round 1
191,Round 1,"Harcourt Butler Technical University, Kanpur",INFORMATION TECHNOLOGY,Home State,EWS(PH),918850.0,918850.0,Round 1
192,Round 1,"Harcourt Butler Technical University, Kanpur",INFORMATION TECHNOLOGY,Home State,OPEN(AF),42957.0,42957.0,Round 1
193,Round 1,"Harcourt Butler Technical University, Kanpur",INFORMATION TECHNOLOGY,Home State,OPEN(FF),76135.0,76135.0,Round 1
194,Round 1,"Harcourt Butler Technical University, Kanpur",INFORMATION TECHNOLOGY,Home State,OPEN GIRL,36591.0,42973.0,Round 1
195,Round 1,"Harcourt Butler Technical University, Kanpur",INFORMATION TECHNOLOGY,Home State,OPEN,30729.0,36076.0,Round 1
196,Round 1,"Harcourt Butler Technical University, Kanpur",INFORMATION TECHNOLOGY,Home State,OPEN(PH),248365.0,248365.0,Round 1
197,Round 1,"Harcourt Butler Technical University, Kanpur",INFORMATION TECHNOLOGY,Home State,SC(AF),179171.0,179171.0,Round 1
198,Round 1,"Harcourt Butler Technical University, Kanpur",INFORMATION TECHNOLOGY,Home State,SC(GIRL),189894.0,205366.0,Round 1
199,Round 1,"Harcourt Butler Technical University, Kanpur",INFORMATION TECHNOLOGY,Home State,SC,140447.0,167749.0,Round 1
200,Round 1,"Harcourt Butler Technical University, Kanpur",INFORMATION TECHNOLOGY,Home State,ST(GIRL),309691.0,309691.0,Round 1
201,Round 1,"Harcourt Butler Technical University, Kanpur",INFORMATION TECHNOLOGY,Home State,ST,216792.0,216792.0,Round 1
202,Round 1,"Harcourt Butler Technical University, Kanpur",INFORMATION TECHNOLOGY (TFW),Home State,OPEN (TF),20469.0,28547.0,Round 1
203,Round 1,"Harcourt Butler Technical University, Kanpur",CHEMICAL TECHNOLOGY (PLASTIC TECHNOLOGY),All India,OPEN,55808.0,59411.0,Round 1
204,Round 1,"Harcourt Butler Technical University, Kanpur",CHEMICAL TECHNOLOGY (PLASTIC TECHNOLOGY),All India,ST,240965.0,240965.0,Round 1
205,Round 1,"Harcourt Butler Technical University, Kanpur",CHEMICAL TECHNOLOGY (PLASTIC TECHNOLOGY),Home State,BC(AF),132552.0,132552.0,Round 1
206,Round 1,"Harcourt Butler Technical University, Kanpur",CHEMICAL TECHNOLOGY (PLASTIC TECHNOLOGY),Home State,BC(GIRL),107616.0,110913.0,Round 1
207,Round 1,"Harcourt Butler Technical University, Kanpur",CHEMICAL TECHNOLOGY (PLASTIC TECHNOLOGY),Home State,BC,91694.0,103031.0,Round 1
208,Round 1,"Harcourt Butler Technical University, Kanpur",CHEMICAL TECHNOLOGY (PLASTIC TECHNOLOGY),Home State,EWS(GIRL),113158.0,113158.0,Round 1
209,Round 1,"Harcourt Butler Technical University, Kanpur",CHEMICAL TECHNOLOGY (PLASTIC TECHNOLOGY),Home State,EWS,99413.0,104451.0,Round 1
210,Round 1,"Harcourt Butler Technical University, Kanpur",CHEMICAL TECHNOLOGY (PLASTIC TECHNOLOGY),Home State,OPEN(AF),98028.0,98028.0,Round 1
211,Round 1,"Harcourt Butler Technical University, Kanpur",CHEMICAL TECHNOLOGY (PLASTIC TECHNOLOGY),Home State,OPEN GIRL,79575.0,102398.0,Round 1
212,Round 1,"Harcourt Butler Technical University, Kanpur",CHEMICAL TECHNOLOGY (PLASTIC TECHNOLOGY),Home State,OPEN,58829.0,90494.0,Round 1
213,Round 1,"Harcourt Butler Technical University, Kanpur",CHEMICAL TECHNOLOGY (PLASTIC TECHNOLOGY),Home State,SC(GIRL),335895.0,342461.0,Round 1
214,Round 1,"Harcourt Butler Technical University, Kanpur",CHEMICAL TECHNOLOGY (PLASTIC TECHNOLOGY),Home State,SC,212307.0,314114.0,Round 1
215,Round 1,"Harcourt Butler Technical University, Kanpur",CHEMICAL TECHNOLOGY (PLASTIC TECHNOLOGY),Home State,ST(GIRL),594469.0,594469.0,Round 1
216,Round 1,"Harcourt Butler Technical University, Kanpur",CHEMICAL TECHNOLOGY (PLASTIC TECHNOLOGY) (TFW),Home State,OPEN (TF),78597.0,87182.0,Round 1
217,Round 1,"Harcourt Butler Technical University, Kanpur",CHEMICAL TECHNOLOGY (LEATHER & FASHION TECHNOLOGY),All India,OPEN,61961.0,61961.0,Round 1
218,Round 1,"Harcourt Butler Technical University, Kanpur",CHEMICAL TECHNOLOGY (LEATHER & FASHION TECHNOLOGY),Home State,BC(GIRL),111792.0,128309.0,Round 1
219,Round 1,"Harcourt Butler Technical University, Kanpur",CHEMICAL TECHNOLOGY (LEATHER & FASHION TECHNOLOGY),Home State,BC,97389.0,112136.0,Round 1
220,Round 1,"Harcourt Butler Technical University, Kanpur",CHEMICAL TECHNOLOGY (LEATHER & FASHION TECHNOLOGY),Home State,EWS(GIRL),119136.0,119136.0,Round 1
221,Round 1,"Harcourt Butler Technical University, Kanpur",CHEMICAL TECHNOLOGY (LEATHER & FASHION TECHNOLOGY),Home State,EWS,106172.0,106172.0,Round 1
222,Round 1,"Harcourt Butler Technical University, Kanpur",CHEMICAL TECHNOLOGY (LEATHER & FASHION TECHNOLOGY),Home State,OPEN(AF),125532.0,125532.0,Round 1
223,Round 1,"Harcourt Butler Technical University, Kanpur",CHEMICAL TECHNOLOGY (LEATHER & FASHION TECHNOLOGY),Home State,OPEN GIRL,90623.0,109327.0,Round 1
224,Round 1,"Harcourt Butler Technical University, Kanpur",CHEMICAL TECHNOLOGY (LEATHER & FASHION TECHNOLOGY),Home State,OPEN,71951.0,93752.0,Round 1
225,Round 1,"Harcourt Butler Technical University, Kanpur",CHEMICAL TECHNOLOGY (LEATHER & FASHION TECHNOLOGY),Home State,SC,253956.0,307689.0,Round 1
226,Round 1,"Harcourt Butler Technical University, Kanpur",CHEMICAL TECHNOLOGY (LEATHER & FASHION TECHNOLOGY),Home State,ST,545242.0,545242.0,Round 1
227,Round 1,"Harcourt Butler Technical University, Kanpur",CHEMICAL TECHNOLOGY (LEATHER & FASHION TECHNOLOGY) (TFW),Home State,OPEN (TF),78095.0,78095.0,Round 1
228,Round 1,"Harcourt Butler Technical University, Kanpur",CHEMICAL TECHNOLOGY (FOOD TECHNOLOGY),All India,BC,71172.0,71172.0,Round 1
229,Round 1,"Harcourt Butler Technical University, Kanpur",CHEMICAL TECHNOLOGY (FOOD TECHNOLOGY),All India,OPEN,41835.0,41835.0,Round 1
1,Round 2,"Harcourt Butler Technical University, Kanpur",INFORMATION TECHNOLOGY,All India,BC,51080.00,51080.00,Round 2
2,Round 2,"Harcourt Butler Technical University, Kanpur",INFORMATION TECHNOLOGY,All India,OPEN,24963.00,29264.00,Round 2
3,Round 2,"Harcourt Butler Technical University, Kanpur",INFORMATION TECHNOLOGY,Home State,BC(AF),66126.00,66126.00,Round 2
4,Round 2,"Harcourt Butler Technical University, Kanpur",INFORMATION TECHNOLOGY,Home State,BC(GIRL),64621.00,69150.00,Round 2
5,Round 2,"Harcourt Butler Technical University, Kanpur",INFORMATION TECHNOLOGY,Home State,BC,46019.00,51200.00,Round 2
6,Round 2,"Harcourt Butler Technical University, Kanpur",INFORMATION TECHNOLOGY,Home State,BC(PH),1193832.00,1193832.00,Round 2
7,Round 2,"Harcourt Butler Technical University, Kanpur",INFORMATION TECHNOLOGY,Home State,EWS(GIRL),50628.00,57493.00,Round 2
8,Round 2,"Harcourt Butler Technical University, Kanpur",INFORMATION TECHNOLOGY,Home State,EWS,45148.00,46624.00,Round 2
9,Round 2,"Harcourt Butler Technical University, Kanpur",INFORMATION TECHNOLOGY,Home State,EWS(PH),925387.00,925387.00,Round 2
10,Round 2,"Harcourt Butler Technical University, Kanpur",INFORMATION TECHNOLOGY,Home State,OPEN(AF),53020.00,53020.00,Round 2
11,Round 2,"Harcourt Butler Technical University, Kanpur",INFORMATION TECHNOLOGY,Home State,OPEN(FF),111047.00,111047.00,Round 2
12,Round 2,"Harcourt Butler Technical University, Kanpur",INFORMATION TECHNOLOGY,Home State,OPEN GIRL,43110.00,48780.00,Round 2
13,Round 2,"Harcourt Butler Technical University, Kanpur",INFORMATION TECHNOLOGY,Home State,OPEN,36887.00,44965.00,Round 2
14,Round 2,"Harcourt Butler Technical University, Kanpur",INFORMATION TECHNOLOGY,Home State,SC(AF),303956.00,303956.00,Round 2
15,Round 2,"Harcourt Butler Technical University, Kanpur",INFORMATION TECHNOLOGY,Home State,SC(GIRL),206825.00,241369.00,Round 2
16,Round 2,"Harcourt Butler Technical University, Kanpur",INFORMATION TECHNOLOGY,Home State,SC,169555.00,180493.00,Round 2
17,Round 2,"Harcourt Butler Technical University, Kanpur",INFORMATION TECHNOLOGY,Home State,ST(GIRL),418503.00,418503.00,Round 2
18,Round 2,"Harcourt Butler Technical University, Kanpur",INFORMATION TECHNOLOGY (TFW),Home State,OPEN (TF),35929.00,39847.00,Round 2
19,Round 2,"Harcourt Butler Technical University, Kanpur",CHEMICAL TECHNOLOGY (PLASTIC TECHNOLOGY),All India,OPEN,81136.00,87115.00,Round 2
20,Round 2,"Harcourt Butler Technical University, Kanpur",CHEMICAL TECHNOLOGY (PLASTIC TECHNOLOGY),Home State,BC(AF),139193.00,139193.00,Round 2
21,Round 2,"Harcourt Butler Technical University, Kanpur",CHEMICAL TECHNOLOGY (PLASTIC TECHNOLOGY),Home State,BC(GIRL),129192.00,144984.00,Round 2
22,Round 2,"Harcourt Butler Technical University, Kanpur",CHEMICAL TECHNOLOGY (PLASTIC TECHNOLOGY),Home State,BC,114945.00,129129.00,Round 2
23,Round 2,"Harcourt Butler Technical University, Kanpur",CHEMICAL TECHNOLOGY (PLASTIC TECHNOLOGY),Home State,EWS(GIRL),131168.00,131168.00,Round 2
24,Round 2,"Harcourt Butler Technical University, Kanpur",CHEMICAL TECHNOLOGY (PLASTIC TECHNOLOGY),Home State,EWS,108084.00,110039.00,Round 2
25,Round 2,"Harcourt Butler Technical University, Kanpur",CHEMICAL TECHNOLOGY (PLASTIC TECHNOLOGY),Home State,OPEN(AF),133976.00,133976.00,Round 2
26,Round 2,"Harcourt Butler Technical University, Kanpur",CHEMICAL TECHNOLOGY (PLASTIC TECHNOLOGY),Home State,OPEN GIRL,115924.00,128068.00,Round 2
27,Round 2,"Harcourt Butler Technical University, Kanpur",CHEMICAL TECHNOLOGY (PLASTIC TECHNOLOGY),Home State,OPEN,92777.00,107826.00,Round 2
28,Round 2,"Harcourt Butler Technical University, Kanpur",CHEMICAL TECHNOLOGY (PLASTIC TECHNOLOGY),Home State,SC(GIRL),350776.00,417203.00,Round 2
29,Round 2,"Harcourt Butler Technical University, Kanpur",CHEMICAL TECHNOLOGY (PLASTIC TECHNOLOGY),Home State,SC,324771.00,340725.00,Round 2
30,Round 2,"Harcourt Butler Technical University, Kanpur",CHEMICAL TECHNOLOGY (PLASTIC TECHNOLOGY),Home State,ST(GIRL),844577.00,844577.00,Round 2
31,Round 2,"Harcourt Butler Technical University, Kanpur",CHEMICAL TECHNOLOGY (PLASTIC TECHNOLOGY) (TFW),Home State,OPEN (TF),97931.00,102398.00,Round 2
32,Round 2,"Harcourt Butler Technical University, Kanpur",CHEMICAL TECHNOLOGY (LEATHER & FASHION TECHNOLOGY),All India,OPEN,79452.00,79452.00,Round 2
33,Round 2,"Harcourt Butler Technical University, Kanpur",CHEMICAL TECHNOLOGY (LEATHER & FASHION TECHNOLOGY),Home State,BC(GIRL),145989.00,147377.00,Round 2
34,Round 2,"Harcourt Butler Technical University, Kanpur",CHEMICAL TECHNOLOGY (LEATHER & FASHION TECHNOLOGY),Home State,BC,123012.00,135391.00,Round 2
35,Round 2,"Harcourt Butler Technical University, Kanpur",CHEMICAL TECHNOLOGY (LEATHER & FASHION TECHNOLOGY),Home State,EWS(GIRL),137716.00,137716.00,Round 2
36,Round 2,"Harcourt Butler Technical University, Kanpur",CHEMICAL TECHNOLOGY (LEATHER & FASHION TECHNOLOGY),Home State,EWS,116363.00,116363.00,Round 2
37,Round 2,"Harcourt Butler Technical University, Kanpur",CHEMICAL TECHNOLOGY (LEATHER & FASHION TECHNOLOGY),Home State,OPEN(AF),150698.00,150698.00,Round 2
38,Round 2,"Harcourt Butler Technical University, Kanpur",CHEMICAL TECHNOLOGY (LEATHER & FASHION TECHNOLOGY),Home State,OPEN GIRL,125699.00,136626.00,Round 2
39,Round 2,"Harcourt Butler Technical University, Kanpur",CHEMICAL TECHNOLOGY (LEATHER & FASHION TECHNOLOGY),Home State,OPEN,100042.00,112271.00,Round 2
40,Round 2,"Harcourt Butler Technical University, Kanpur",CHEMICAL TECHNOLOGY (LEATHER & FASHION TECHNOLOGY),Home State,SC,318921.00,366147.00,Round 2
41,Round 2,"Harcourt Butler Technical University, Kanpur",CHEMICAL TECHNOLOGY (LEATHER & FASHION TECHNOLOGY),Home State,ST,800344.00,800344.00,Round 2
42,Round 2,"Harcourt Butler Technical University, Kanpur",CHEMICAL TECHNOLOGY (LEATHER & FASHION TECHNOLOGY) (TFW),Home State,OPEN (TF),87650.00,87650.00,Round 2
43,Round 2,"Harcourt Butler Technical University, Kanpur",CHEMICAL TECHNOLOGY (FOOD TECHNOLOGY),All India,BC,88886.00,88886.00,Round 2
44,Round 2,"Harcourt Butler Technical University, Kanpur",CHEMICAL TECHNOLOGY (FOOD TECHNOLOGY),All India,OPEN,65199.00,65199.00,Round 2
45,Round 2,"Harcourt Butler Technical University, Kanpur",CHEMICAL TECHNOLOGY (FOOD TECHNOLOGY),All India,SC,339078.00,339078.00,Round 2
46,Round 2,"Harcourt Butler Technical University, Kanpur",CHEMICAL TECHNOLOGY (FOOD TECHNOLOGY),Home State,BC(AF),167679.00,167679.00,Round 2
47,Round 2,"Harcourt Butler Technical University, Kanpur",CHEMICAL TECHNOLOGY (FOOD TECHNOLOGY),Home State,BC(GIRL),150248.00,153990.00,Round 2
48,Round 2,"Harcourt Butler Technical University, Kanpur",CHEMICAL TECHNOLOGY (FOOD TECHNOLOGY),Home State,BC,119571.00,133614.00,Round 2
49,Round 2,"Harcourt Butler Technical University, Kanpur",CHEMICAL TECHNOLOGY (FOOD TECHNOLOGY),Home State,EWS(GIRL),135283.00,139151.00,Round 2
50,Round 2,"Harcourt Butler Technical University, Kanpur",CHEMICAL TECHNOLOGY (FOOD TECHNOLOGY),Home State,EWS,122095.00,123644.00,Round 2
51,Round 2,"Harcourt Butler Technical University, Kanpur",CHEMICAL TECHNOLOGY (FOOD TECHNOLOGY),Home State,OPEN(AF),143852.00,143852.00,Round 2
52,Round 2,"Harcourt Butler Technical University, Kanpur",CHEMICAL TECHNOLOGY (FOOD TECHNOLOGY),Home State,OPEN GIRL,102821.00,119052.00,Round 2
53,Round 2,"Harcourt Butler Technical University, Kanpur",CHEMICAL TECHNOLOGY (FOOD TECHNOLOGY),Home State,OPEN,98864.00,116872.50,Round 2
54,Round 2,"Harcourt Butler Technical University, Kanpur",CHEMICAL TECHNOLOGY (FOOD TECHNOLOGY),Home State,SC(AF),767388.00,767388.00,Round 2
55,Round 2,"Harcourt Butler Technical University, Kanpur",CHEMICAL TECHNOLOGY (FOOD TECHNOLOGY),Home State,SC(GIRL),335895.00,387325.00,Round 2
56,Round 2,"Harcourt Butler Technical University, Kanpur",CHEMICAL TECHNOLOGY (FOOD TECHNOLOGY),Home State,SC,325815.00,374510.00,Round 2
57,Round 2,"Harcourt Butler Technical University, Kanpur",CHEMICAL TECHNOLOGY (FOOD TECHNOLOGY) (TFW),Home State,OPEN (TF),96666.00,103209.00,Round 2
58,Round 2,"Harcourt Butler Technical University, Kanpur",CHEMICAL TECHNOLOGY (PAINT TECHNOLOGY),All India,OPEN,75327.00,77158.00,Round 2
59,Round 2,"Harcourt Butler Technical University, Kanpur",CHEMICAL TECHNOLOGY (PAINT TECHNOLOGY),All India,SC,383165.00,383165.00,Round 2
60,Round 2,"Harcourt Butler Technical University, Kanpur",CHEMICAL TECHNOLOGY (PAINT TECHNOLOGY),Home State,BC(AF),132552.00,132552.00,Round 2
61,Round 2,"Harcourt Butler Technical University, Kanpur",CHEMICAL TECHNOLOGY (PAINT TECHNOLOGY),Home State,BC(GIRL),115362.00,131826.00,Round 2
62,Round 2,"Harcourt Butler Technical University, Kanpur",CHEMICAL TECHNOLOGY (PAINT TECHNOLOGY),Home State,BC,91372.00,95931.00,Round 2
63,Round 2,"Harcourt Butler Technical University, Kanpur",CHEMICAL TECHNOLOGY (PAINT TECHNOLOGY),Home State,EWS(GIRL),113158.00,113158.00,Round 2
64,Round 2,"Harcourt Butler Technical University, Kanpur",CHEMICAL TECHNOLOGY (PAINT TECHNOLOGY),Home State,EWS,87827.00,89937.00,Round 2
65,Round 2,"Harcourt Butler Technical University, Kanpur",CHEMICAL TECHNOLOGY (PAINT TECHNOLOGY),Home State,OPEN(AF),128579.00,128579.00,Round 2
66,Round 2,"Harcourt Butler Technical University, Kanpur",CHEMICAL TECHNOLOGY (PAINT TECHNOLOGY),Home State,OPEN GIRL,102586.00,111041.00,Round 2
67,Round 2,"Harcourt Butler Technical University, Kanpur",CHEMICAL TECHNOLOGY (PAINT TECHNOLOGY),Home State,OPEN,80491.00,87769.00,Round 2
68,Round 2,"Harcourt Butler Technical University, Kanpur",CHEMICAL TECHNOLOGY (PAINT TECHNOLOGY),Home State,SC(GIRL),330984.00,347328.00,Round 2
69,Round 2,"Harcourt Butler Technical University, Kanpur",CHEMICAL TECHNOLOGY (PAINT TECHNOLOGY),Home State,SC,291628.00,313288.00,Round 2
70,Round 2,"Harcourt Butler Technical University, Kanpur",CHEMICAL TECHNOLOGY (PAINT TECHNOLOGY),Home State,ST,781298.00,781298.00,Round 2
71,Round 2,"Harcourt Butler Technical University, Kanpur",CHEMICAL TECHNOLOGY (PAINT TECHNOLOGY) (TFW),Home State,OPEN (TF),80830.00,83716.00,Round 2
72,Round 2,"Harcourt Butler Technical University, Kanpur",CIVIL ENGG.,All India,BC,72153.00,72153.00,Round 2
73,Round 2,"Harcourt Butler Technical University, Kanpur",CIVIL ENGG.,All India,OPEN,52649.00,52649.00,Round 2
74,Round 2,"Harcourt Butler Technical University, Kanpur",CIVIL ENGG.,All India,SC,289399.00,289399.00,Round 2
75,Round 2,"Harcourt Butler Technical University, Kanpur",CIVIL ENGG.,Home State,BC(AF),113054.00,113054.00,Round 2
76,Round 2,"Harcourt Butler Technical University, Kanpur",CIVIL ENGG.,Home State,BC(GIRL),95655.00,103882.00,Round 2
77,Round 2,"Harcourt Butler Technical University, Kanpur",CIVIL ENGG.,Home State,BC,78612.00,86889.00,Round 2
78,Round 2,"Harcourt Butler Technical University, Kanpur",CIVIL ENGG.,Home State,EWS(AF),145339.00,145339.00,Round 2
79,Round 2,"Harcourt Butler Technical University, Kanpur",CIVIL ENGG.,Home State,EWS(GIRL),96384.00,96384.00,Round 2
80,Round 2,"Harcourt Butler Technical University, Kanpur",CIVIL ENGG.,Home State,EWS,77942.00,80119.00,Round 2
81,Round 2,"Harcourt Butler Technical University, Kanpur",CIVIL ENGG.,Home State,OPEN(AF),98367.00,98367.00,Round 2
82,Round 2,"Harcourt Butler Technical University, Kanpur",CIVIL ENGG.,Home State,OPEN GIRL,74607.00,84779.00,Round 2
83,Round 2,"Harcourt Butler Technical University, Kanpur",CIVIL ENGG.,Home State,OPEN,65073.00,76840.00,Round 2
84,Round 2,"Harcourt Butler Technical University, Kanpur",CIVIL ENGG.,Home State,SC(AF),440834.00,440834.00,Round 2
85,Round 2,"Harcourt Butler Technical University, Kanpur",CIVIL ENGG.,Home State,SC(GIRL),297345.00,321241.00,Round 2
86,Round 2,"Harcourt Butler Technical University, Kanpur",CIVIL ENGG.,Home State,SC,225173.00,255014.00,Round 2
87,Round 2,"Harcourt Butler Technical University, Kanpur",CIVIL ENGG.,Home State,ST(GIRL),594469.00,594469.00,Round 2
88,Round 2,"Harcourt Butler Technical University, Kanpur",CIVIL ENGG. (TFW),Home State,OPEN (TF),76580.00,78733.00,Round 2
89,Round 2,"Harcourt Butler Technical University, Kanpur",COMPUTER SC. & ENGG.,Home State,BC(AF),63346.00,63346.00,Round 2
90,Round 2,"Harcourt Butler Technical University, Kanpur",COMPUTER SC. & ENGG.,Home State,BC(GIRL),49893.00,52066.00,Round 2
91,Round 2,"Harcourt Butler Technical University, Kanpur",COMPUTER SC. & ENGG.,Home State,BC,40819.00,45780.00,Round 2
92,Round 2,"Harcourt Butler Technical University, Kanpur",COMPUTER SC. & ENGG.,Home State,BC(PH),615202.00,615202.00,Round 2
93,Round 2,"Harcourt Butler Technical University, Kanpur",COMPUTER SC. & ENGG.,Home State,EWS(GIRL),45173.00,45173.00,Round 2
94,Round 2,"Harcourt Butler Technical University, Kanpur",COMPUTER SC. & ENGG.,Home State,EWS,38086.00,42147.00,Round 2
95,Round 2,"Harcourt Butler Technical University, Kanpur",COMPUTER SC. & ENGG.,Home State,EWS(PH),918850.00,918850.00,Round 2
96,Round 2,"Harcourt Butler Technical University, Kanpur",COMPUTER SC. & ENGG.,Home State,OPEN(AF),42957.00,45809.00,Round 2
97,Round 2,"Harcourt Butler Technical University, Kanpur",COMPUTER SC. & ENGG.,Home State,OPEN GIRL,36591.00,37305.00,Round 2
98,Round 2,"Harcourt Butler Technical University, Kanpur",COMPUTER SC. & ENGG.,Home State,OPEN,29390.00,37840.00,Round 2
99,Round 2,"Harcourt Butler Technical University, Kanpur",COMPUTER SC. & ENGG.,Home State,OPEN(PH),343115.00,343115.00,Round 2
100,Round 2,"Harcourt Butler Technical University, Kanpur",COMPUTER SC. & ENGG.,Home State,SC(GIRL),205170.00,205170.00,Round 2
101,Round 2,"Harcourt Butler Technical University, Kanpur",COMPUTER SC. & ENGG.,Home State,SC,140447.00,169558.00,Round 2
102,Round 2,"Harcourt Butler Technical University, Kanpur",COMPUTER SC. & ENGG. (TFW),Home State,OPEN (TF),20469.00,25553.00,Round 2
103,Round 2,"Harcourt Butler Technical University, Kanpur",ELECTRICAL ENGG.,All India,BC,68809.00,68809.00,Round 2
104,Round 2,"Harcourt Butler Technical University, Kanpur",ELECTRICAL ENGG.,All India,OPEN,41134.00,41134.00,Round 2
105,Round 2,"Harcourt Butler Technical University, Kanpur",ELECTRICAL ENGG.,Home State,BC(AF),88537.00,88537.00,Round 2
106,Round 2,"Harcourt Butler Technical University, Kanpur",ELECTRICAL ENGG.,Home State,BC(GIRL),73841.00,84415.00,Round 2
107,Round 2,"Harcourt Butler Technical University, Kanpur",ELECTRICAL ENGG.,Home State,BC,60681.00,68443.00,Round 2
108,Round 2,"Harcourt Butler Technical University, Kanpur",ELECTRICAL ENGG.,Home State,EWS(AF),78638.00,78638.00,Round 2
109,Round 2,"Harcourt Butler Technical University, Kanpur",ELECTRICAL ENGG.,Home State,EWS(GIRL),68646.00,75004.00,Round 2
110,Round 2,"Harcourt Butler Technical University, Kanpur",ELECTRICAL ENGG.,Home State,EWS,59925.00,64257.00,Round 2
111,Round 2,"Harcourt Butler Technical University, Kanpur",ELECTRICAL ENGG.,Home State,OPEN(AF),70054.00,70054.00,Round 2
112,Round 2,"Harcourt Butler Technical University, Kanpur",ELECTRICAL ENGG.,Home State,OPEN(FF),642319.00,642319.00,Round 2
113,Round 2,"Harcourt Butler Technical University, Kanpur",ELECTRICAL ENGG.,Home State,OPEN GIRL,54769.00,60592.00,Round 2
114,Round 2,"Harcourt Butler Technical University, Kanpur",ELECTRICAL ENGG.,Home State,OPEN,51898.00,59090.00,Round 2
115,Round 2,"Harcourt Butler Technical University, Kanpur",ELECTRICAL ENGG.,Home State,SC(AF),495061.00,495061.00,Round 2
116,Round 2,"Harcourt Butler Technical University, Kanpur",ELECTRICAL ENGG.,Home State,SC(GIRL),251102.00,291300.00,Round 2
117,Round 2,"Harcourt Butler Technical University, Kanpur",ELECTRICAL ENGG.,Home State,SC,201815.00,215999.00,Round 2
118,Round 2,"Harcourt Butler Technical University, Kanpur",ELECTRICAL ENGG. (TFW),Home State,OPEN (TF),56288.00,56966.00,Round 2
119,Round 2,"Harcourt Butler Technical University, Kanpur",ELECTRONICS ENGG.,All India,BC,64584.00,64584.00,Round 2
120,Round 2,"Harcourt Butler Technical University, Kanpur",ELECTRONICS ENGG.,All India,OPEN,35597.00,35597.00,Round 2
121,Round 2,"Harcourt Butler Technical University, Kanpur",ELECTRONICS ENGG.,Home State,BC(AF),67100.00,67100.00,Round 2
122,Round 2,"Harcourt Butler Technical University, Kanpur",ELECTRONICS ENGG.,Home State,BC(GIRL),60180.00,73418.00,Round 2
123,Round 2,"Harcourt Butler Technical University, Kanpur",ELECTRONICS ENGG.,Home State,BC,52374.00,60612.00,Round 2
124,Round 2,"Harcourt Butler Technical University, Kanpur",ELECTRONICS ENGG.,Home State,EWS(GIRL),66575.00,66575.00,Round 2
125,Round 2,"Harcourt Butler Technical University, Kanpur",ELECTRONICS ENGG.,Home State,EWS,52650.00,56068.00,Round 2
126,Round 2,"Harcourt Butler Technical University, Kanpur",ELECTRONICS ENGG.,Home State,OPEN(AF),54146.00,55425.00,Round 2
127,Round 2,"Harcourt Butler Technical University, Kanpur",ELECTRONICS ENGG.,Home State,OPEN(FF),192325.00,192325.00,Round 2
128,Round 2,"Harcourt Butler Technical University, Kanpur",ELECTRONICS ENGG.,Home State,OPEN GIRL,49817.00,51543.00,Round 2
129,Round 2,"Harcourt Butler Technical University, Kanpur",ELECTRONICS ENGG.,Home State,OPEN,43876.00,51766.00,Round 2
130,Round 2,"Harcourt Butler Technical University, Kanpur",ELECTRONICS ENGG.,Home State,OPEN(PH),466322.00,466322.00,Round 2
131,Round 2,"Harcourt Butler Technical University, Kanpur",ELECTRONICS ENGG.,Home State,SC(AF),474811.00,474811.00,Round 2
132,Round 2,"Harcourt Butler Technical University, Kanpur",ELECTRONICS ENGG.,Home State,SC(GIRL),249464.00,289275.00,Round 2
133,Round 2,"Harcourt Butler Technical University, Kanpur",ELECTRONICS ENGG.,Home State,SC,180521.00,199832.00,Round 2
134,Round 2,"Harcourt Butler Technical University, Kanpur",ELECTRONICS ENGG.,Home State,ST(GIRL),596508.00,596508.00,Round 2
135,Round 2,"Harcourt Butler Technical University, Kanpur",ELECTRONICS ENGG.,Home State,ST,309007.00,309007.00,Round 2
136,Round 2,"Harcourt Butler Technical University, Kanpur",ELECTRONICS ENGG. (TFW),Home State,OPEN (TF),45147.00,46665.00,Round 2
137,Round 2,"Harcourt Butler Technical University, Kanpur",MECHANICAL ENGG.,All India,BC,71653.00,71653.00,Round 2
138,Round 2,"Harcourt Butler Technical University, Kanpur",MECHANICAL ENGG.,All India,OPEN,38210.00,38210.00,Round 2
139,Round 2,"Harcourt Butler Technical University, Kanpur",MECHANICAL ENGG.,All India,SC,248137.00,248137.00,Round 2
140,Round 2,"Harcourt Butler Technical University, Kanpur",MECHANICAL ENGG.,Home State,BC(AF),92735.00,92735.00,Round 2
141,Round 2,"Harcourt Butler Technical University, Kanpur",MECHANICAL ENGG.,Home State,BC(GIRL),85071.00,95512.00,Round 2
142,Round 2,"Harcourt Butler Technical University, Kanpur",MECHANICAL ENGG.,Home State,BC,68548.00,74763.00,Round 2
143,Round 2,"Harcourt Butler Technical University, Kanpur",MECHANICAL ENGG.,Home State,EWS(GIRL),76122.00,76122.00,Round 2
144,Round 2,"Harcourt Butler Technical University, Kanpur",MECHANICAL ENGG.,Home State,EWS,66970.00,72429.00,Round 2
145,Round 2,"Harcourt Butler Technical University, Kanpur",MECHANICAL ENGG.,Home State,OPEN(AF),71917.00,71917.00,Round 2
146,Round 2,"Harcourt Butler Technical University, Kanpur",MECHANICAL ENGG.,Home State,OPEN GIRL,68411.00,72902.00,Round 2
147,Round 2,"Harcourt Butler Technical University, Kanpur",MECHANICAL ENGG.,Home State,OPEN,53809.00,64923.00,Round 2
148,Round 2,"Harcourt Butler Technical University, Kanpur",MECHANICAL ENGG.,Home State,OPEN(PH),1261057.00,1261057.00,Round 2
149,Round 2,"Harcourt Butler Technical University, Kanpur",MECHANICAL ENGG.,Home State,SC(AF),672682.00,672682.00,Round 2
150,Round 2,"Harcourt Butler Technical University, Kanpur",MECHANICAL ENGG.,Home State,SC(GIRL),304760.00,312946.00,Round 2
151,Round 2,"Harcourt Butler Technical University, Kanpur",MECHANICAL ENGG.,Home State,SC,212340.00,234264.00,Round 2
152,Round 2,"Harcourt Butler Technical University, Kanpur",MECHANICAL ENGG. (TFW),Home State,OPEN (TF),61151.00,67570.00,Round 2
153,Round 2,"Harcourt Butler Technical University, Kanpur",CHEMICAL ENGG.,All India,BC,71337.00,71337.00,Round 2
154,Round 2,"Harcourt Butler Technical University, Kanpur",CHEMICAL ENGG.,All India,OPEN,38790.00,42740.00,Round 2
155,Round 2,"Harcourt Butler Technical University, Kanpur",CHEMICAL ENGG.,Home State,BC(AF),95267.00,95267.00,Round 2
156,Round 2,"Harcourt Butler Technical University, Kanpur",CHEMICAL ENGG.,Home State,BC(GIRL),107616.00,111970.00,Round 2
157,Round 2,"Harcourt Butler Technical University, Kanpur",CHEMICAL ENGG.,Home State,BC,70990.00,78805.00,Round 2
158,Round 2,"Harcourt Butler Technical University, Kanpur",CHEMICAL ENGG.,Home State,EWS(GIRL),79049.00,79762.00,Round 2
159,Round 2,"Harcourt Butler Technical University, Kanpur",CHEMICAL ENGG.,Home State,EWS,70446.00,74770.00,Round 2
160,Round 2,"Harcourt Butler Technical University, Kanpur",CHEMICAL ENGG.,Home State,OPEN(AF),94583.00,94583.00,Round 2
161,Round 2,"Harcourt Butler Technical University, Kanpur",CHEMICAL ENGG.,Home State,OPEN GIRL,67312.00,72370.00,Round 2
162,Round 2,"Harcourt Butler Technical University, Kanpur",CHEMICAL ENGG.,Home State,OPEN,58928.00,68814.00,Round 2
163,Round 2,"Harcourt Butler Technical University, Kanpur",CHEMICAL ENGG.,Home State,OPEN(PH),1051172.00,1051172.00,Round 2
164,Round 2,"Harcourt Butler Technical University, Kanpur",CHEMICAL ENGG.,Home State,SC(AF),332234.00,332234.00,Round 2
165,Round 2,"Harcourt Butler Technical University, Kanpur",CHEMICAL ENGG.,Home State,SC(GIRL),300114.00,320192.00,Round 2
166,Round 2,"Harcourt Butler Technical University, Kanpur",CHEMICAL ENGG.,Home State,SC,214139.00,239518.00,Round 2
167,Round 2,"Harcourt Butler Technical University, Kanpur",CHEMICAL ENGG. (TFW),Home State,OPEN (TF),64342.00,67072.00,Round 2
168,Round 2,"Harcourt Butler Technical University, Kanpur",CHEMICAL TECHNOLOGY (BIOCHEMICAL ENGG.),All India,BC,76655.00,76655.00,Round 2
169,Round 2,"Harcourt Butler Technical University, Kanpur",CHEMICAL TECHNOLOGY (BIOCHEMICAL ENGG.),All India,OPEN,63912.00,63912.00,Round 2
170,Round 2,"Harcourt Butler Technical University, Kanpur",CHEMICAL TECHNOLOGY (BIOCHEMICAL ENGG.),All India,SC,405203.00,405203.00,Round 2
171,Round 2,"Harcourt Butler Technical University, Kanpur",CHEMICAL TECHNOLOGY (BIOCHEMICAL ENGG.),Home State,BC(GIRL),122214.00,139120.00,Round 2
172,Round 2,"Harcourt Butler Technical University, Kanpur",CHEMICAL TECHNOLOGY (BIOCHEMICAL ENGG.),Home State,BC,116019.00,129945.00,Round 2
173,Round 2,"Harcourt Butler Technical University, Kanpur",CHEMICAL TECHNOLOGY (BIOCHEMICAL ENGG.),Home State,EWS(GIRL),119136.00,119136.00,Round 2
174,Round 2,"Harcourt Butler Technical University, Kanpur",CHEMICAL TECHNOLOGY (BIOCHEMICAL ENGG.),Home State,EWS,105415.00,116791.00,Round 2
175,Round 2,"Harcourt Butler Technical University, Kanpur",CHEMICAL TECHNOLOGY (BIOCHEMICAL ENGG.),Home State,OPEN(AF),133038.00,133038.00,Round 2
176,Round 2,"Harcourt Butler Technical University, Kanpur",CHEMICAL TECHNOLOGY (BIOCHEMICAL ENGG.),Home State,OPEN GIRL,87183.00,109828.00,Round 2
177,Round 2,"Harcourt Butler Technical University, Kanpur",CHEMICAL TECHNOLOGY (BIOCHEMICAL ENGG.),Home State,OPEN,85246.00,101250.00,Round 2
178,Round 2,"Harcourt Butler Technical University, Kanpur",CHEMICAL TECHNOLOGY (BIOCHEMICAL ENGG.),Home State,SC(GIRL),342461.00,379144.00,Round 2
179,Round 2,"Harcourt Butler Technical University, Kanpur",CHEMICAL TECHNOLOGY (BIOCHEMICAL ENGG.),Home State,SC,289170.00,348786.00,Round 2
180,Round 2,"Harcourt Butler Technical University, Kanpur",CHEMICAL TECHNOLOGY (BIOCHEMICAL ENGG.),Home State,ST,427568.00,427568.00,Round 2
181,Round 2,"Harcourt Butler Technical University, Kanpur",CHEMICAL TECHNOLOGY (BIOCHEMICAL ENGG.) (TFW),Home State,OPEN (TF),98210.00,111289.00,Round 2
182,Round 2,"Harcourt Butler Technical University, Kanpur",CHEMICAL TECHNOLOGY (OIL TECHNOLOGY),All India,BC,72700.00,72700.00,Round 2
183,Round 2,"Harcourt Butler Technical University, Kanpur",CHEMICAL TECHNOLOGY (OIL TECHNOLOGY),All India,OPEN,64709.00,64709.00,Round 2
184,Round 2,"Harcourt Butler Technical University, Kanpur",CHEMICAL TECHNOLOGY (OIL TECHNOLOGY),All India,SC,355213.00,355213.00,Round 2
185,Round 2,"Harcourt Butler Technical University, Kanpur",CHEMICAL TECHNOLOGY (OIL TECHNOLOGY),Home State,BC(AF),172690.00,172690.00,Round 2
186,Round 2,"Harcourt Butler Technical University, Kanpur",CHEMICAL TECHNOLOGY (OIL TECHNOLOGY),Home State,BC(GIRL),153428.00,154552.00,Round 2
187,Round 2,"Harcourt Butler Technical University, Kanpur",CHEMICAL TECHNOLOGY (OIL TECHNOLOGY),Home State,BC,109743.00,128196.00,Round 2
188,Round 2,"Harcourt Butler Technical University, Kanpur",CHEMICAL TECHNOLOGY (OIL TECHNOLOGY),Home State,EWS(GIRL),147059.00,147059.00,Round 2
189,Round 2,"Harcourt Butler Technical University, Kanpur",CHEMICAL TECHNOLOGY (OIL TECHNOLOGY),Home State,EWS,106172.00,112858.00,Round 2
190,Round 2,"Harcourt Butler Technical University, Kanpur",CHEMICAL TECHNOLOGY (OIL TECHNOLOGY),Home State,OPEN(AF),134961.00,139127.00,Round 2
191,Round 2,"Harcourt Butler Technical University, Kanpur",CHEMICAL TECHNOLOGY (OIL TECHNOLOGY),Home State,OPEN GIRL,125406.00,134071.00,Round 2
192,Round 2,"Harcourt Butler Technical University, Kanpur",CHEMICAL TECHNOLOGY (OIL TECHNOLOGY),Home State,OPEN,89902.00,104256.00,Round 2
193,Round 2,"Harcourt Butler Technical University, Kanpur",CHEMICAL TECHNOLOGY (OIL TECHNOLOGY),Home State,SC(GIRL),355530.00,398763.00,Round 2
194,Round 2,"Harcourt Butler Technical University, Kanpur",CHEMICAL TECHNOLOGY (OIL TECHNOLOGY),Home State,SC,307689.00,357859.00,Round 2
195,Round 2,"Harcourt Butler Technical University, Kanpur",CHEMICAL TECHNOLOGY (OIL TECHNOLOGY),Home State,ST,674520.00,674520.00,Round 2
196,Round 2,"Harcourt Butler Technical University, Kanpur",CHEMICAL TECHNOLOGY (OIL TECHNOLOGY) (TFW),Home State,OPEN (TF),99701.00,106126.00,Round 2
1,Round 3,"Harcourt Butler Technical University, Kanpur",INFORMATION TECHNOLOGY,All India,OPEN,30905.00,30905.00,Round 3
2,Round 3,"Harcourt Butler Technical University, Kanpur",INFORMATION TECHNOLOGY,Home State,BC,51766.00,56129.00,Round 3
3,Round 3,"Harcourt Butler Technical University, Kanpur",INFORMATION TECHNOLOGY,Home State,EWS,46665.00,50291.00,Round 3
4,Round 3,"Harcourt Butler Technical University, Kanpur",INFORMATION TECHNOLOGY,Home State,OPEN GIRL,49817.00,49817.00,Round 3
5,Round 3,"Harcourt Butler Technical University, Kanpur",INFORMATION TECHNOLOGY,Home State,OPEN,45034.00,45665.00,Round 3
6,Round 3,"Harcourt Butler Technical University, Kanpur",INFORMATION TECHNOLOGY,Home State,SC,180521.00,188560.00,Round 3
7,Round 3,"Harcourt Butler Technical University, Kanpur",CHEMICAL TECHNOLOGY (PLASTIC TECHNOLOGY),All India,OPEN,72700.00,89554.00,Round 3
8,Round 3,"Harcourt Butler Technical University, Kanpur",CHEMICAL TECHNOLOGY (PLASTIC TECHNOLOGY),Home State,BC(AF),160871.00,160871.00,Round 3
9,Round 3,"Harcourt Butler Technical University, Kanpur",CHEMICAL TECHNOLOGY (PLASTIC TECHNOLOGY),Home State,BC(GIRL),147377.00,148215.00,Round 3
10,Round 3,"Harcourt Butler Technical University, Kanpur",CHEMICAL TECHNOLOGY (PLASTIC TECHNOLOGY),Home State,BC,129708.00,137209.00,Round 3
11,Round 3,"Harcourt Butler Technical University, Kanpur",CHEMICAL TECHNOLOGY (PLASTIC TECHNOLOGY),Home State,EWS(GIRL),149594.00,149594.00,Round 3
12,Round 3,"Harcourt Butler Technical University, Kanpur",CHEMICAL TECHNOLOGY (PLASTIC TECHNOLOGY),Home State,EWS,122095.00,124408.00,Round 3
13,Round 3,"Harcourt Butler Technical University, Kanpur",CHEMICAL TECHNOLOGY (PLASTIC TECHNOLOGY),Home State,OPEN(AF),150698.00,150698.00,Round 3
14,Round 3,"Harcourt Butler Technical University, Kanpur",CHEMICAL TECHNOLOGY (PLASTIC TECHNOLOGY),Home State,OPEN GIRL,129192.00,133976.00,Round 3
15,Round 3,"Harcourt Butler Technical University, Kanpur",CHEMICAL TECHNOLOGY (PLASTIC TECHNOLOGY),Home State,OPEN,108084.00,116872.50,Round 3
16,Round 3,"Harcourt Butler Technical University, Kanpur",CHEMICAL TECHNOLOGY (PLASTIC TECHNOLOGY),Home State,SC(GIRL),428370.00,445434.00,Round 3
17,Round 3,"Harcourt Butler Technical University, Kanpur",CHEMICAL TECHNOLOGY (PLASTIC TECHNOLOGY),Home State,SC,358087.00,377894.00,Round 3
18,Round 3,"Harcourt Butler Technical University, Kanpur",CHEMICAL TECHNOLOGY (PLASTIC TECHNOLOGY) (TFW),Home State,OPEN (TF),104730.00,107826.00,Round 3
19,Round 3,"Harcourt Butler Technical University, Kanpur",CHEMICAL TECHNOLOGY (LEATHER & FASHION TECHNOLOGY),All India,OPEN,98365.00,98365.00,Round 3
20,Round 3,"Harcourt Butler Technical University, Kanpur",CHEMICAL TECHNOLOGY (LEATHER & FASHION TECHNOLOGY),Home State,BC(GIRL),158490.00,163005.00,Round 3
21,Round 3,"Harcourt Butler Technical University, Kanpur",CHEMICAL TECHNOLOGY (LEATHER & FASHION TECHNOLOGY),Home State,BC,137314.00,156438.00,Round 3
22,Round 3,"Harcourt Butler Technical University, Kanpur",CHEMICAL TECHNOLOGY (LEATHER & FASHION TECHNOLOGY),Home State,EWS(GIRL),151884.00,151884.00,Round 3
23,Round 3,"Harcourt Butler Technical University, Kanpur",CHEMICAL TECHNOLOGY (LEATHER & FASHION TECHNOLOGY),Home State,EWS,134489.00,134489.00,Round 3
24,Round 3,"Harcourt Butler Technical University, Kanpur",CHEMICAL TECHNOLOGY (LEATHER & FASHION TECHNOLOGY),Home State,OPEN(AF),163822.00,163822.00,Round 3
25,Round 3,"Harcourt Butler Technical University, Kanpur",CHEMICAL TECHNOLOGY (LEATHER & FASHION TECHNOLOGY),Home State,OPEN GIRL,138208.00,139133.00,Round 3
26,Round 3,"Harcourt Butler Technical University, Kanpur",CHEMICAL TECHNOLOGY (LEATHER & FASHION TECHNOLOGY),Home State,OPEN,119255.00,129362.00,Round 3
27,Round 3,"Harcourt Butler Technical University, Kanpur",CHEMICAL TECHNOLOGY (LEATHER & FASHION TECHNOLOGY),Home State,SC,395795.00,426156.00,Round 3
28,Round 3,"Harcourt Butler Technical University, Kanpur",CHEMICAL TECHNOLOGY (FOOD TECHNOLOGY),All India,BC,114952.00,114952.00,Round 3
29,Round 3,"Harcourt Butler Technical University, Kanpur",CHEMICAL TECHNOLOGY (FOOD TECHNOLOGY),All India,OPEN,97666.00,97666.00,Round 3
30,Round 3,"Harcourt Butler Technical University, Kanpur",CHEMICAL TECHNOLOGY (FOOD TECHNOLOGY),Home State,BC(AF),179502.00,179502.00,Round 3
31,Round 3,"Harcourt Butler Technical University, Kanpur",CHEMICAL TECHNOLOGY (FOOD TECHNOLOGY),Home State,BC(GIRL),155411.00,158974.00,Round 3
32,Round 3,"Harcourt Butler Technical University, Kanpur",CHEMICAL TECHNOLOGY (FOOD TECHNOLOGY),Home State,BC,135391.00,149549.00,Round 3
33,Round 3,"Harcourt Butler Technical University, Kanpur",CHEMICAL TECHNOLOGY (FOOD TECHNOLOGY),Home State,EWS(GIRL),147826.00,147826.00,Round 3
34,Round 3,"Harcourt Butler Technical University, Kanpur",CHEMICAL TECHNOLOGY (FOOD TECHNOLOGY),Home State,EWS,129440.00,137997.00,Round 3
35,Round 3,"Harcourt Butler Technical University, Kanpur",CHEMICAL TECHNOLOGY (FOOD TECHNOLOGY),Home State,OPEN(AF),155828.00,155828.00,Round 3
36,Round 3,"Harcourt Butler Technical University, Kanpur",CHEMICAL TECHNOLOGY (FOOD TECHNOLOGY),Home State,OPEN GIRL,133272.00,134663.00,Round 3
37,Round 3,"Harcourt Butler Technical University, Kanpur",CHEMICAL TECHNOLOGY (FOOD TECHNOLOGY),Home State,OPEN,118095.00,128863.00,Round 3
38,Round 3,"Harcourt Butler Technical University, Kanpur",CHEMICAL TECHNOLOGY (FOOD TECHNOLOGY),Home State,SC,388687.00,415680.00,Round 3
39,Round 3,"Harcourt Butler Technical University, Kanpur",CHEMICAL TECHNOLOGY (FOOD TECHNOLOGY) (TFW),Home State,OPEN (TF),107289.00,107289.00,Round 3
40,Round 3,"Harcourt Butler Technical University, Kanpur",CHEMICAL TECHNOLOGY (PAINT TECHNOLOGY),All India,OPEN,79843.00,87881.00,Round 3
41,Round 3,"Harcourt Butler Technical University, Kanpur",CHEMICAL TECHNOLOGY (PAINT TECHNOLOGY),Home State,BC(GIRL),140831.00,140831.00,Round 3
42,Round 3,"Harcourt Butler Technical University, Kanpur",CHEMICAL TECHNOLOGY (PAINT TECHNOLOGY),Home State,BC,97931.00,115141.00,Round 3
43,Round 3,"Harcourt Butler Technical University, Kanpur",CHEMICAL TECHNOLOGY (PAINT TECHNOLOGY),Home State,EWS(GIRL),148190.00,148190.00,Round 3
44,Round 3,"Harcourt Butler Technical University, Kanpur",CHEMICAL TECHNOLOGY (PAINT TECHNOLOGY),Home State,EWS,99413.00,104611.00,Round 3
45,Round 3,"Harcourt Butler Technical University, Kanpur",CHEMICAL TECHNOLOGY (PAINT TECHNOLOGY),Home State,OPEN GIRL,115362.00,116977.00,Round 3
46,Round 3,"Harcourt Butler Technical University, Kanpur",CHEMICAL TECHNOLOGY (PAINT TECHNOLOGY),Home State,OPEN,87827.00,93914.00,Round 3
47,Round 3,"Harcourt Butler Technical University, Kanpur",CHEMICAL TECHNOLOGY (PAINT TECHNOLOGY),Home State,SC(GIRL),350776.00,405439.00,Round 3
48,Round 3,"Harcourt Butler Technical University, Kanpur",CHEMICAL TECHNOLOGY (PAINT TECHNOLOGY),Home State,SC,319784.00,325202.00,Round 3
49,Round 3,"Harcourt Butler Technical University, Kanpur",CHEMICAL TECHNOLOGY (PAINT TECHNOLOGY),Home State,ST,800344.00,800344.00,Round 3
50,Round 3,"Harcourt Butler Technical University, Kanpur",CHEMICAL TECHNOLOGY (PAINT TECHNOLOGY) (TFW),Home State,OPEN (TF),87212.00,87212.00,Round 3
51,Round 3,"Harcourt Butler Technical University, Kanpur",CIVIL ENGG.,All India,BC,83720.00,83720.00,Round 3
52,Round 3,"Harcourt Butler Technical University, Kanpur",CIVIL ENGG.,All India,OPEN,55194.00,55194.00,Round 3
53,Round 3,"Harcourt Butler Technical University, Kanpur",CIVIL ENGG.,All India,SC,299996.00,299996.00,Round 3
54,Round 3,"Harcourt Butler Technical University, Kanpur",CIVIL ENGG.,Home State,BC(AF),116613.00,116613.00,Round 3
55,Round 3,"Harcourt Butler Technical University, Kanpur",CIVIL ENGG.,Home State,BC(GIRL),112767.00,113054.00,Round 3
56,Round 3,"Harcourt Butler Technical University, Kanpur",CIVIL ENGG.,Home State,BC,87694.00,95122.00,Round 3
57,Round 3,"Harcourt Butler Technical University, Kanpur",CIVIL ENGG.,Home State,EWS(AF),183865.00,183865.00,Round 3
58,Round 3,"Harcourt Butler Technical University, Kanpur",CIVIL ENGG.,Home State,EWS(GIRL),99195.00,99195.00,Round 3
59,Round 3,"Harcourt Butler Technical University, Kanpur",CIVIL ENGG.,Home State,EWS,85864.00,90426.00,Round 3
60,Round 3,"Harcourt Butler Technical University, Kanpur",CIVIL ENGG.,Home State,OPEN GIRL,93003.00,95367.00,Round 3
61,Round 3,"Harcourt Butler Technical University, Kanpur",CIVIL ENGG.,Home State,OPEN,78324.00,84199.00,Round 3
62,Round 3,"Harcourt Butler Technical University, Kanpur",CIVIL ENGG.,Home State,SC,261416.00,269147.00,Round 3
63,Round 3,"Harcourt Butler Technical University, Kanpur",COMPUTER SC. & ENGG.,Home State,BC,46019.00,47734.00,Round 3
64,Round 3,"Harcourt Butler Technical University, Kanpur",COMPUTER SC. & ENGG.,Home State,EWS,43273.00,43273.00,Round 3
65,Round 3,"Harcourt Butler Technical University, Kanpur",COMPUTER SC. & ENGG.,Home State,OPEN GIRL,37880.00,37880.00,Round 3
66,Round 3,"Harcourt Butler Technical University, Kanpur",COMPUTER SC. & ENGG.,Home State,OPEN,38086.00,38086.00,Round 3
67,Round 3,"Harcourt Butler Technical University, Kanpur",ELECTRICAL ENGG.,All India,BC,71653.00,71653.00,Round 3
68,Round 3,"Harcourt Butler Technical University, Kanpur",ELECTRICAL ENGG.,All India,OPEN,44159.00,44159.00,Round 3
69,Round 3,"Harcourt Butler Technical University, Kanpur",ELECTRICAL ENGG.,Home State,BC(GIRL),85071.00,87472.00,Round 3
70,Round 3,"Harcourt Butler Technical University, Kanpur",ELECTRICAL ENGG.,Home State,BC,68548.00,75691.00,Round 3
71,Round 3,"Harcourt Butler Technical University, Kanpur",ELECTRICAL ENGG.,Home State,EWS(AF),114428.00,114428.00,Round 3
72,Round 3,"Harcourt Butler Technical University, Kanpur",ELECTRICAL ENGG.,Home State,EWS,65328.00,67506.00,Round 3
73,Round 3,"Harcourt Butler Technical University, Kanpur",ELECTRICAL ENGG.,Home State,OPEN GIRL,60772.00,61118.00,Round 3
74,Round 3,"Harcourt Butler Technical University, Kanpur",ELECTRICAL ENGG.,Home State,OPEN,59218.00,62055.00,Round 3
75,Round 3,"Harcourt Butler Technical University, Kanpur",ELECTRICAL ENGG.,Home State,SC,217607.00,222711.00,Round 3
76,Round 3,"Harcourt Butler Technical University, Kanpur",ELECTRICAL ENGG. (TFW),Home State,OPEN (TF),59090.00,59925.00,Round 3
77,Round 3,"Harcourt Butler Technical University, Kanpur",ELECTRONICS ENGG.,All India,OPEN,38210.00,38210.00,Round 3
78,Round 3,"Harcourt Butler Technical University, Kanpur",ELECTRONICS ENGG.,Home State,BC(AF),76438.00,76438.00,Round 3
79,Round 3,"Harcourt Butler Technical University, Kanpur",ELECTRONICS ENGG.,Home State,BC(GIRL),82206.00,82206.00,Round 3
80,Round 3,"Harcourt Butler Technical University, Kanpur",ELECTRONICS ENGG.,Home State,BC,60681.00,65930.00,Round 3
81,Round 3,"Harcourt Butler Technical University, Kanpur",ELECTRONICS ENGG.,Home State,EWS,56288.00,56288.00,Round 3
82,Round 3,"Harcourt Butler Technical University, Kanpur",ELECTRONICS ENGG.,Home State,OPEN(AF),57747.00,57747.00,Round 3
83,Round 3,"Harcourt Butler Technical University, Kanpur",ELECTRONICS ENGG.,Home State,OPEN GIRL,54146.00,54146.00,Round 3
84,Round 3,"Harcourt Butler Technical University, Kanpur",ELECTRONICS ENGG.,Home State,OPEN,51898.00,52650.00,Round 3
85,Round 3,"Harcourt Butler Technical University, Kanpur",ELECTRONICS ENGG.,Home State,OPEN(PH),749654.00,749654.00,Round 3
86,Round 3,"Harcourt Butler Technical University, Kanpur",ELECTRONICS ENGG.,Home State,SC,200301.00,201815.00,Round 3
87,Round 3,"Harcourt Butler Technical University, Kanpur",ELECTRONICS ENGG.,Home State,ST(GIRL),719869.00,719869.00,Round 3
88,Round 3,"Harcourt Butler Technical University, Kanpur",CHEMICAL TECHNOLOGY (BIOCHEMICAL ENGG.),All India,BC,98370.00,98370.00,Round 3
89,Round 3,"Harcourt Butler Technical University, Kanpur",ELECTRONICS ENGG. (TFW),Home State,OPEN (TF),47205.00,47205.00,Round 3
90,Round 3,"Harcourt Butler Technical University, Kanpur",MECHANICAL ENGG.,All India,BC,81512.00,81512.00,Round 3
91,Round 3,"Harcourt Butler Technical University, Kanpur",MECHANICAL ENGG.,All India,OPEN,44357.00,44357.00,Round 3
92,Round 3,"Harcourt Butler Technical University, Kanpur",MECHANICAL ENGG.,All India,SC,277551.00,277551.00,Round 3
93,Round 3,"Harcourt Butler Technical University, Kanpur",MECHANICAL ENGG.,Home State,BC(GIRL),98179.00,99704.00,Round 3
94,Round 3,"Harcourt Butler Technical University, Kanpur",MECHANICAL ENGG.,Home State,BC,76840.00,83363.00,Round 3
95,Round 3,"Harcourt Butler Technical University, Kanpur",MECHANICAL ENGG.,Home State,EWS(AF),120874.00,120874.00,Round 3
96,Round 3,"Harcourt Butler Technical University, Kanpur",MECHANICAL ENGG.,Home State,EWS,73428.00,77942.00,Round 3
97,Round 3,"Harcourt Butler Technical University, Kanpur",MECHANICAL ENGG.,Home State,OPEN GIRL,74607.00,74607.00,Round 3
98,Round 3,"Harcourt Butler Technical University, Kanpur",MECHANICAL ENGG.,Home State,OPEN,65073.00,69366.00,Round 3
99,Round 3,"Harcourt Butler Technical University, Kanpur",MECHANICAL ENGG.,Home State,SC,234619.00,241231.00,Round 3
100,Round 3,"Harcourt Butler Technical University, Kanpur",MECHANICAL ENGG. (TFW),Home State,OPEN (TF),68443.00,68443.00,Round 3
101,Round 3,"Harcourt Butler Technical University, Kanpur",CHEMICAL ENGG.,All India,BC,88043.00,88043.00,Round 3
102,Round 3,"Harcourt Butler Technical University, Kanpur",CHEMICAL ENGG.,All India,OPEN,46887.00,46887.00,Round 3
103,Round 3,"Harcourt Butler Technical University, Kanpur",CHEMICAL ENGG.,Home State,BC(AF),100329.00,100329.00,Round 3
104,Round 3,"Harcourt Butler Technical University, Kanpur",CHEMICAL ENGG.,Home State,BC(GIRL),112169.00,112169.00,Round 3
105,Round 3,"Harcourt Butler Technical University, Kanpur",CHEMICAL ENGG.,Home State,BC,79051.00,87122.00,Round 3
106,Round 3,"Harcourt Butler Technical University, Kanpur",CHEMICAL ENGG.,Home State,EWS(GIRL),79894.00,96384.00,Round 3
107,Round 3,"Harcourt Butler Technical University, Kanpur",CHEMICAL ENGG.,Home State,EWS,75476.00,80491.00,Round 3
108,Round 3,"Harcourt Butler Technical University, Kanpur",CHEMICAL ENGG.,Home State,OPEN GIRL,75491.00,79049.00,Round 3
109,Round 3,"Harcourt Butler Technical University, Kanpur",CHEMICAL ENGG.,Home State,OPEN,68829.00,74704.00,Round 3
110,Round 3,"Harcourt Butler Technical University, Kanpur",CHEMICAL ENGG.,Home State,SC(GIRL),330984.00,330984.00,Round 3
111,Round 3,"Harcourt Butler Technical University, Kanpur",CHEMICAL ENGG.,Home State,SC,243737.00,258705.00,Round 3
112,Round 3,"Harcourt Butler Technical University, Kanpur",CHEMICAL TECHNOLOGY (BIOCHEMICAL ENGG.),All India,OPEN,67966.00,67966.00,Round 3
113,Round 3,"Harcourt Butler Technical University, Kanpur",CHEMICAL TECHNOLOGY (BIOCHEMICAL ENGG.),All India,SC,410597.00,410597.00,Round 3
114,Round 3,"Harcourt Butler Technical University, Kanpur",CHEMICAL TECHNOLOGY (BIOCHEMICAL ENGG.),Home State,BC(GIRL),153428.00,156250.00,Round 3
115,Round 3,"Harcourt Butler Technical University, Kanpur",CHEMICAL TECHNOLOGY (BIOCHEMICAL ENGG.),Home State,BC,130202.00,144893.00,Round 3
116,Round 3,"Harcourt Butler Technical University, Kanpur",CHEMICAL TECHNOLOGY (BIOCHEMICAL ENGG.),Home State,EWS(GIRL),127720.00,127720.00,Round 3
117,Round 3,"Harcourt Butler Technical University, Kanpur",CHEMICAL TECHNOLOGY (BIOCHEMICAL ENGG.),Home State,EWS,127650.00,136942.00,Round 3
118,Round 3,"Harcourt Butler Technical University, Kanpur",CHEMICAL TECHNOLOGY (BIOCHEMICAL ENGG.),Home State,OPEN GIRL,119136.00,119221.00,Round 3
119,Round 3,"Harcourt Butler Technical University, Kanpur",CHEMICAL TECHNOLOGY (BIOCHEMICAL ENGG.),Home State,OPEN,105415.00,124936.00,Round 3
120,Round 3,"Harcourt Butler Technical University, Kanpur",CHEMICAL TECHNOLOGY (BIOCHEMICAL ENGG.),Home State,SC(GIRL),417203.00,417203.00,Round 3
121,Round 3,"Harcourt Butler Technical University, Kanpur",CHEMICAL TECHNOLOGY (BIOCHEMICAL ENGG.),Home State,SC,357859.00,392839.00,Round 3
122,Round 3,"Harcourt Butler Technical University, Kanpur",CHEMICAL TECHNOLOGY (BIOCHEMICAL ENGG.),Home State,ST,827607.00,827607.00,Round 3
123,Round 3,"Harcourt Butler Technical University, Kanpur",CHEMICAL TECHNOLOGY (BIOCHEMICAL ENGG.) (TFW),Home State,OPEN (TF),113158.00,129966.00,Round 3
124,Round 3,"Harcourt Butler Technical University, Kanpur",CHEMICAL TECHNOLOGY (OIL TECHNOLOGY),All India,BC,93897.00,93897.00,Round 3
125,Round 3,"Harcourt Butler Technical University, Kanpur",CHEMICAL TECHNOLOGY (OIL TECHNOLOGY),All India,OPEN,69646.00,69646.00,Round 3
126,Round 3,"Harcourt Butler Technical University, Kanpur",CHEMICAL TECHNOLOGY (OIL TECHNOLOGY),All India,SC,405203.00,405203.00,Round 3
127,Round 3,"Harcourt Butler Technical University, Kanpur",CHEMICAL TECHNOLOGY (OIL TECHNOLOGY),Home State,BC(AF),193774.00,193774.00,Round 3
128,Round 3,"Harcourt Butler Technical University, Kanpur",CHEMICAL TECHNOLOGY (OIL TECHNOLOGY),Home State,BC(GIRL),157731.00,161058.00,Round 3
129,Round 3,"Harcourt Butler Technical University, Kanpur",CHEMICAL TECHNOLOGY (OIL TECHNOLOGY),Home State,BC,129822.00,137195.00,Round 3
130,Round 3,"Harcourt Butler Technical University, Kanpur",CHEMICAL TECHNOLOGY (OIL TECHNOLOGY),Home State,EWS(GIRL),150783.00,150783.00,Round 3
131,Round 3,"Harcourt Butler Technical University, Kanpur",CHEMICAL TECHNOLOGY (OIL TECHNOLOGY),Home State,EWS,119049.00,136487.00,Round 3
132,Round 3,"Harcourt Butler Technical University, Kanpur",CHEMICAL TECHNOLOGY (OIL TECHNOLOGY),Home State,OPEN(AF),152664.00,161231.00,Round 3
133,Round 3,"Harcourt Butler Technical University, Kanpur",CHEMICAL TECHNOLOGY (OIL TECHNOLOGY),Home State,OPEN GIRL,138328.00,138328.00,Round 3
134,Round 3,"Harcourt Butler Technical University, Kanpur",CHEMICAL TECHNOLOGY (OIL TECHNOLOGY),Home State,OPEN,106172.00,117596.00,Round 3
135,Round 3,"Harcourt Butler Technical University, Kanpur",CHEMICAL TECHNOLOGY (OIL TECHNOLOGY),Home State,SC(GIRL),442421.00,443300.00,Round 3
136,Round 3,"Harcourt Butler Technical University, Kanpur",CHEMICAL TECHNOLOGY (OIL TECHNOLOGY),Home State,SC,372687.00,382940.00,Round 3
137,Round 3,"Harcourt Butler Technical University, Kanpur",CHEMICAL TECHNOLOGY (OIL TECHNOLOGY),Home State,ST,762872.00,762872.00,Round 3
138,Round 3,"Harcourt Butler Technical University, Kanpur",CHEMICAL TECHNOLOGY (OIL TECHNOLOGY) (TFW),Home State,OPEN (TF),107070.00,107196.00,Round 3
1,2nd Phase Round 1,"Harcourt Butler Technical University, Kanpur",CIVIL ENGG.,Home State,EWS(AF),265577,265577,2nd Phase Round 1
2,2nd Phase Round 1,"Harcourt Butler Technical University, Kanpur",CIVIL ENGG.,Home State,EWS,72429,81006,2nd Phase Round 1
3,2nd Phase Round 1,"Harcourt Butler Technical University, Kanpur",CIVIL ENGG.,Home State,OPEN GIRL,95655,95655,2nd Phase Round 1
4,2nd Phase Round 1,"Harcourt Butler Technical University, Kanpur",CIVIL ENGG.,Home State,OPEN(PH),666699,666699,2nd Phase Round 1
5,2nd Phase Round 1,"Harcourt Butler Technical University, Kanpur",CIVIL ENGG.,Home State,SC(GIRL),350995,350995,2nd Phase Round 1
6,2nd Phase Round 1,"Harcourt Butler Technical University, Kanpur",CIVIL ENGG.,Home State,SC,402362,402362,2nd Phase Round 1
7,2nd Phase Round 1,"Harcourt Butler Technical University, Kanpur",ELECTRICAL ENGG.,All India,BC,45907,45907,2nd Phase Round 1
8,2nd Phase Round 1,"Harcourt Butler Technical University, Kanpur",ELECTRICAL ENGG.,Home State,BC,49332,49332,2nd Phase Round 1
9,2nd Phase Round 1,"Harcourt Butler Technical University, Kanpur",ELECTRICAL ENGG.,Home State,EWS,48566,48566,2nd Phase Round 1
10,2nd Phase Round 1,"Harcourt Butler Technical University, Kanpur",ELECTRICAL ENGG.,Home State,OPEN GIRL,49308,49308,2nd Phase Round 1
11,2nd Phase Round 1,"Harcourt Butler Technical University, Kanpur",ELECTRICAL ENGG.,Home State,OPEN,37696,43221,2nd Phase Round 1
12,2nd Phase Round 1,"Harcourt Butler Technical University, Kanpur",ELECTRONICS ENGG.,All India,OPEN,31124,31124,2nd Phase Round 1
13,2nd Phase Round 1,"Harcourt Butler Technical University, Kanpur",ELECTRONICS ENGG.,Home State,BC,33828,33828,2nd Phase Round 1
14,2nd Phase Round 1,"Harcourt Butler Technical University, Kanpur",ELECTRONICS ENGG.,Home State,OPEN(FF),642319,642319,2nd Phase Round 1
15,2nd Phase Round 1,"Harcourt Butler Technical University, Kanpur",ELECTRONICS ENGG.,Home State,OPEN,23433,23433,2nd Phase Round 1
16,2nd Phase Round 1,"Harcourt Butler Technical University, Kanpur",MECHANICAL ENGG.,All India,BC,64177,64177,2nd Phase Round 1
17,2nd Phase Round 1,"Harcourt Butler Technical University, Kanpur",MECHANICAL ENGG.,All India,SC,284460,284460,2nd Phase Round 1
18,2nd Phase Round 1,"Harcourt Butler Technical University, Kanpur",MECHANICAL ENGG.,Home State,BC,60538,60538,2nd Phase Round 1
19,2nd Phase Round 1,"Harcourt Butler Technical University, Kanpur",MECHANICAL ENGG.,Home State,EWS(AF),272919,272919,2nd Phase Round 1
20,2nd Phase Round 1,"Harcourt Butler Technical University, Kanpur",MECHANICAL ENGG.,Home State,OPEN,44811,57418,2nd Phase Round 1
21,2nd Phase Round 1,"Harcourt Butler Technical University, Kanpur",MECHANICAL ENGG.,Home State,SC(AF),183977,183977,2nd Phase Round 1
22,2nd Phase Round 1,"Harcourt Butler Technical University, Kanpur",CHEMICAL ENGG.,All India,BC,55703,55703,2nd Phase Round 1
23,2nd Phase Round 1,"Harcourt Butler Technical University, Kanpur",CHEMICAL ENGG.,All India,OPEN,37141,38484,2nd Phase Round 1
24,2nd Phase Round 1,"Harcourt Butler Technical University, Kanpur",CHEMICAL ENGG.,Home State,BC,61565,61565,2nd Phase Round 1
25,2nd Phase Round 1,"Harcourt Butler Technical University, Kanpur",CHEMICAL ENGG.,Home State,OPEN GIRL,78071,78071,2nd Phase Round 1
26,2nd Phase Round 1,"Harcourt Butler Technical University, Kanpur",CHEMICAL ENGG.,Home State,OPEN,43011,58714,2nd Phase Round 1
27,2nd Phase Round 1,"Harcourt Butler Technical University, Kanpur",CHEMICAL ENGG.,Home State,SC(AF),337279,337279,2nd Phase Round 1
28,2nd Phase Round 1,"Harcourt Butler Technical University, Kanpur",CHEMICAL TECHNOLOGY (BIOCHEMICAL ENGG.),All India,BC,102388,102388,2nd Phase Round 1
29,2nd Phase Round 1,"Harcourt Butler Technical University, Kanpur",CHEMICAL TECHNOLOGY (BIOCHEMICAL ENGG.),All India,OPEN,57787,57787,2nd Phase Round 1
30,2nd Phase Round 1,"Harcourt Butler Technical University, Kanpur",CHEMICAL TECHNOLOGY (BIOCHEMICAL ENGG.),All India,SC,539742,539742,2nd Phase Round 1
31,2nd Phase Round 1,"Harcourt Butler Technical University, Kanpur",CHEMICAL TECHNOLOGY (BIOCHEMICAL ENGG.),Home State,BC(GIRL),152430,164809,2nd Phase Round 1
32,2nd Phase Round 1,"Harcourt Butler Technical University, Kanpur",CHEMICAL TECHNOLOGY (BIOCHEMICAL ENGG.),Home State,BC,115528,172790,2nd Phase Round 1
33,2nd Phase Round 1,"Harcourt Butler Technical University, Kanpur",CHEMICAL TECHNOLOGY (BIOCHEMICAL ENGG.),Home State,EWS(GIRL),153393,153393,2nd Phase Round 1
34,2nd Phase Round 1,"Harcourt Butler Technical University, Kanpur",CHEMICAL TECHNOLOGY (BIOCHEMICAL ENGG.),Home State,EWS,121560,151582,2nd Phase Round 1
35,2nd Phase Round 1,"Harcourt Butler Technical University, Kanpur",CHEMICAL TECHNOLOGY (BIOCHEMICAL ENGG.),Home State,OPEN(AF),131424,131424,2nd Phase Round 1
36,2nd Phase Round 1,"Harcourt Butler Technical University, Kanpur",CHEMICAL TECHNOLOGY (BIOCHEMICAL ENGG.),Home State,OPEN GIRL,129887,137730,2nd Phase Round 1
37,2nd Phase Round 1,"Harcourt Butler Technical University, Kanpur",CHEMICAL TECHNOLOGY (BIOCHEMICAL ENGG.),Home State,OPEN,81803,111854,2nd Phase Round 1
38,2nd Phase Round 1,"Harcourt Butler Technical University, Kanpur",CHEMICAL TECHNOLOGY (BIOCHEMICAL ENGG.),Home State,SC(GIRL),448545,460896,2nd Phase Round 1
39,2nd Phase Round 1,"Harcourt Butler Technical University, Kanpur",CHEMICAL TECHNOLOGY (BIOCHEMICAL ENGG.),Home State,SC,240752,301863,2nd Phase Round 1
40,2nd Phase Round 1,"Harcourt Butler Technical University, Kanpur",CHEMICAL TECHNOLOGY (BIOCHEMICAL ENGG.) (TFW),Home State,OPEN (TF),80216,108728,2nd Phase Round 1
41,2nd Phase Round 1,"Harcourt Butler Technical University, Kanpur",CHEMICAL TECHNOLOGY (OIL TECHNOLOGY),All India,BC,75748,75748,2nd Phase Round 1
42,2nd Phase Round 1,"Harcourt Butler Technical University, Kanpur",CHEMICAL TECHNOLOGY (OIL TECHNOLOGY),All India,OPEN,43506,43506,2nd Phase Round 1
43,2nd Phase Round 1,"Harcourt Butler Technical University, Kanpur",CHEMICAL TECHNOLOGY (OIL TECHNOLOGY),All India,SC,450558,450558,2nd Phase Round 1
44,2nd Phase Round 1,"Harcourt Butler Technical University, Kanpur",CHEMICAL TECHNOLOGY (OIL TECHNOLOGY),Home State,BC(AF),205843,205843,2nd Phase Round 1
45,2nd Phase Round 1,"Harcourt Butler Technical University, Kanpur",CHEMICAL TECHNOLOGY (OIL TECHNOLOGY),Home State,BC(GIRL),173929,178304,2nd Phase Round 1
46,2nd Phase Round 1,"Harcourt Butler Technical University, Kanpur",CHEMICAL TECHNOLOGY (OIL TECHNOLOGY),Home State,BC,114819,173549,2nd Phase Round 1
47,2nd Phase Round 1,"Harcourt Butler Technical University, Kanpur",CHEMICAL TECHNOLOGY (OIL TECHNOLOGY),Home State,EWS(GIRL),152890,152890,2nd Phase Round 1
48,2nd Phase Round 1,"Harcourt Butler Technical University, Kanpur",CHEMICAL TECHNOLOGY (OIL TECHNOLOGY),Home State,EWS,116260,141788,2nd Phase Round 1
49,2nd Phase Round 1,"Harcourt Butler Technical University, Kanpur",CHEMICAL TECHNOLOGY (OIL TECHNOLOGY),Home State,OPEN(AF),158359,166062,2nd Phase Round 1
50,2nd Phase Round 1,"Harcourt Butler Technical University, Kanpur",CHEMICAL TECHNOLOGY (OIL TECHNOLOGY),Home State,OPEN GIRL,106674,138472,2nd Phase Round 1
51,2nd Phase Round 1,"Harcourt Butler Technical University, Kanpur",CHEMICAL TECHNOLOGY (OIL TECHNOLOGY),Home State,OPEN,53638,108899,2nd Phase Round 1
52,2nd Phase Round 1,"Harcourt Butler Technical University, Kanpur",CHEMICAL TECHNOLOGY (OIL TECHNOLOGY),Home State,SC(GIRL),285901,389268,2nd Phase Round 1
53,2nd Phase Round 1,"Harcourt Butler Technical University, Kanpur",CHEMICAL TECHNOLOGY (OIL TECHNOLOGY),Home State,SC,198423,289294,2nd Phase Round 1
54,2nd Phase Round 1,"Harcourt Butler Technical University, Kanpur",CHEMICAL TECHNOLOGY (OIL TECHNOLOGY),Home State,ST,513734,513734,2nd Phase Round 1
55,2nd Phase Round 1,"Harcourt Butler Technical University, Kanpur",CHEMICAL TECHNOLOGY (LEATHER & FASHION TECHNOLOGY),Home State,EWS(GIRL),147059,147059,2nd Phase Round 1
56,2nd Phase Round 1,"Harcourt Butler Technical University, Kanpur",CHEMICAL TECHNOLOGY (LEATHER & FASHION TECHNOLOGY),Home State,EWS,146788,146788,2nd Phase Round 1
57,2nd Phase Round 1,"Harcourt Butler Technical University, Kanpur",CHEMICAL TECHNOLOGY (LEATHER & FASHION TECHNOLOGY),Home State,OPEN(AF),190365,190365,2nd Phase Round 1
58,2nd Phase Round 1,"Harcourt Butler Technical University, Kanpur",CHEMICAL TECHNOLOGY (LEATHER & FASHION TECHNOLOGY),Home State,OPEN GIRL,138954,145747,2nd Phase Round 1
59,2nd Phase Round 1,"Harcourt Butler Technical University, Kanpur",CHEMICAL TECHNOLOGY (LEATHER & FASHION TECHNOLOGY),Home State,OPEN,69259,133755,2nd Phase Round 1
60,2nd Phase Round 1,"Harcourt Butler Technical University, Kanpur",CHEMICAL TECHNOLOGY (LEATHER & FASHION TECHNOLOGY),Home State,SC,302472,423955,2nd Phase Round 1
61,2nd Phase Round 1,"Harcourt Butler Technical University, Kanpur",CHEMICAL TECHNOLOGY (LEATHER & FASHION TECHNOLOGY),Home State,ST,948193,948193,2nd Phase Round 1
62,2nd Phase Round 1,"Harcourt Butler Technical University, Kanpur",CHEMICAL TECHNOLOGY (LEATHER & FASHION TECHNOLOGY) (TFW),Home State,OPEN (TF),120332,120332,2nd Phase Round 1
63,2nd Phase Round 1,"Harcourt Butler Technical University, Kanpur",CHEMICAL TECHNOLOGY (FOOD TECHNOLOGY),All India,BC,115657,115657,2nd Phase Round 1
64,2nd Phase Round 1,"Harcourt Butler Technical University, Kanpur",CHEMICAL TECHNOLOGY (FOOD TECHNOLOGY),All India,OPEN,76756,76756,2nd Phase Round 1
65,2nd Phase Round 1,"Harcourt Butler Technical University, Kanpur",CHEMICAL TECHNOLOGY (FOOD TECHNOLOGY),All India,SC,527700,527700,2nd Phase Round 1
66,2nd Phase Round 1,"Harcourt Butler Technical University, Kanpur",CHEMICAL TECHNOLOGY (FOOD TECHNOLOGY),Home State,BC(GIRL),100190,194740,2nd Phase Round 1
67,2nd Phase Round 1,"Harcourt Butler Technical University, Kanpur",CHEMICAL TECHNOLOGY (FOOD TECHNOLOGY),Home State,BC,156301,177081,2nd Phase Round 1
68,2nd Phase Round 1,"Harcourt Butler Technical University, Kanpur",INFORMATION TECHNOLOGY,Home State,BC(FF),62136,62136,2nd Phase Round 1
69,2nd Phase Round 1,"Harcourt Butler Technical University, Kanpur",INFORMATION TECHNOLOGY,Home State,OPEN,31057,31057,2nd Phase Round 1
70,2nd Phase Round 1,"Harcourt Butler Technical University, Kanpur",CHEMICAL TECHNOLOGY (PLASTIC TECHNOLOGY),All India,OPEN,81636,92684,2nd Phase Round 1
71,2nd Phase Round 1,"Harcourt Butler Technical University, Kanpur",CHEMICAL TECHNOLOGY (PLASTIC TECHNOLOGY),All India,ST,375488,375488,2nd Phase Round 1
72,2nd Phase Round 1,"Harcourt Butler Technical University, Kanpur",CHEMICAL TECHNOLOGY (PLASTIC TECHNOLOGY),Home State,BC(AF),199117,199117,2nd Phase Round 1
73,2nd Phase Round 1,"Harcourt Butler Technical University, Kanpur",CHEMICAL TECHNOLOGY (PLASTIC TECHNOLOGY),Home State,BC(GIRL),179787,195388,2nd Phase Round 1
74,2nd Phase Round 1,"Harcourt Butler Technical University, Kanpur",CHEMICAL TECHNOLOGY (PLASTIC TECHNOLOGY),Home State,BC,134520,174943,2nd Phase Round 1
75,2nd Phase Round 1,"Harcourt Butler Technical University, Kanpur",CHEMICAL TECHNOLOGY (PLASTIC TECHNOLOGY),Home State,EWS(GIRL),143095,143095,2nd Phase Round 1
76,2nd Phase Round 1,"Harcourt Butler Technical University, Kanpur",CHEMICAL TECHNOLOGY (PLASTIC TECHNOLOGY),Home State,EWS,131246,138925,2nd Phase Round 1
77,2nd Phase Round 1,"Harcourt Butler Technical University, Kanpur",CHEMICAL TECHNOLOGY (PLASTIC TECHNOLOGY),Home State,OPEN(AF),163822,163822,2nd Phase Round 1
78,2nd Phase Round 1,"Harcourt Butler Technical University, Kanpur",CHEMICAL TECHNOLOGY (PLASTIC TECHNOLOGY),Home State,OPEN GIRL,105722,130209,2nd Phase Round 1
79,2nd Phase Round 1,"Harcourt Butler Technical University, Kanpur",CHEMICAL TECHNOLOGY (PLASTIC TECHNOLOGY),Home State,OPEN,64695,118413,2nd Phase Round 1
80,2nd Phase Round 1,"Harcourt Butler Technical University, Kanpur",CHEMICAL TECHNOLOGY (FOOD TECHNOLOGY),Home State,EWS(GIRL),153797,153854,2nd Phase Round 1
81,2nd Phase Round 1,"Harcourt Butler Technical University, Kanpur",CHEMICAL TECHNOLOGY (FOOD TECHNOLOGY),Home State,EWS,142278,150204,2nd Phase Round 1
82,2nd Phase Round 1,"Harcourt Butler Technical University, Kanpur",CHEMICAL TECHNOLOGY (FOOD TECHNOLOGY),Home State,OPEN(AF),169826,169826,2nd Phase Round 1
83,2nd Phase Round 1,"Harcourt Butler Technical University, Kanpur",CHEMICAL TECHNOLOGY (FOOD TECHNOLOGY),Home State,OPEN,96752,131360,2nd Phase Round 1
84,2nd Phase Round 1,"Harcourt Butler Technical University, Kanpur",CHEMICAL TECHNOLOGY (FOOD TECHNOLOGY),Home State,SC(GIRL),345326,474594,2nd Phase Round 1
85,2nd Phase Round 1,"Harcourt Butler Technical University, Kanpur",CHEMICAL TECHNOLOGY (FOOD TECHNOLOGY),Home State,SC,190836,364072,2nd Phase Round 1
86,2nd Phase Round 1,"Harcourt Butler Technical University, Kanpur",CHEMICAL TECHNOLOGY (FOOD TECHNOLOGY),Home State,ST(GIRL),1373093,1373093,2nd Phase Round 1
87,2nd Phase Round 1,"Harcourt Butler Technical University, Kanpur",CHEMICAL TECHNOLOGY (FOOD TECHNOLOGY) (TFW),Home State,OPEN (TF),69935,69935,2nd Phase Round 1
88,2nd Phase Round 1,"Harcourt Butler Technical University, Kanpur",CHEMICAL TECHNOLOGY (PAINT TECHNOLOGY),All India,OPEN,69646,75668,2nd Phase Round 1
89,2nd Phase Round 1,"Harcourt Butler Technical University, Kanpur",CHEMICAL TECHNOLOGY (PAINT TECHNOLOGY),All India,SC,345128,345128,2nd Phase Round 1
90,2nd Phase Round 1,"Harcourt Butler Technical University, Kanpur",CHEMICAL TECHNOLOGY (PAINT TECHNOLOGY),Home State,BC(AF),193774,193774,2nd Phase Round 1
91,2nd Phase Round 1,"Harcourt Butler Technical University, Kanpur",CHEMICAL TECHNOLOGY (PAINT TECHNOLOGY),Home State,BC(GIRL),154122,157552,2nd Phase Round 1
92,2nd Phase Round 1,"Harcourt Butler Technical University, Kanpur",CHEMICAL TECHNOLOGY (PAINT TECHNOLOGY),Home State,BC,89344,113787,2nd Phase Round 1
93,2nd Phase Round 1,"Harcourt Butler Technical University, Kanpur",CHEMICAL TECHNOLOGY (PAINT TECHNOLOGY),Home State,OPEN(AF),131645,131645,2nd Phase Round 1
94,2nd Phase Round 1,"Harcourt Butler Technical University, Kanpur",CHEMICAL TECHNOLOGY (PAINT TECHNOLOGY),Home State,OPEN,78265,78265,2nd Phase Round 1
95,2nd Phase Round 1,"Harcourt Butler Technical University, Kanpur",CHEMICAL TECHNOLOGY (PAINT TECHNOLOGY),Home State,SC(AF),545083,545083,2nd Phase Round 1
96,2nd Phase Round 1,"Harcourt Butler Technical University, Kanpur",CHEMICAL TECHNOLOGY (PAINT TECHNOLOGY),Home State,SC,217105,259181,2nd Phase Round 1
97,2nd Phase Round 1,"Harcourt Butler Technical University, Kanpur",CHEMICAL TECHNOLOGY (PAINT TECHNOLOGY),Home State,ST,751843,751843,2nd Phase Round 1
98,2nd Phase Round 1,"Harcourt Butler Technical University, Kanpur",CIVIL ENGG.,All India,BC,65690,65690,2nd Phase Round 1
99,2nd Phase Round 1,"Harcourt Butler Technical University, Kanpur",CIVIL ENGG.,All India,OPEN,53430,53430,2nd Phase Round 1
100,2nd Phase Round 1,"Harcourt Butler Technical University, Kanpur",CIVIL ENGG.,All India,SC,270958,270958,2nd Phase Round 1
101,2nd Phase Round 1,"Harcourt Butler Technical University, Kanpur",CIVIL ENGG.,Home State,BC(GIRL),147377,147377,2nd Phase Round 1
102,2nd Phase Round 1,"Harcourt Butler Technical University, Kanpur",CHEMICAL TECHNOLOGY (PLASTIC TECHNOLOGY),Home State,SC(GIRL),371135,457636,2nd Phase Round 1
103,2nd Phase Round 1,"Harcourt Butler Technical University, Kanpur",CHEMICAL TECHNOLOGY (PLASTIC TECHNOLOGY),Home State,SC,190088,327556,2nd Phase Round 1
104,2nd Phase Round 1,"Harcourt Butler Technical University, Kanpur",CHEMICAL TECHNOLOGY (LEATHER & FASHION TECHNOLOGY),All India,OPEN,88858,88858,2nd Phase Round 1
105,2nd Phase Round 1,"Harcourt Butler Technical University, Kanpur",CHEMICAL TECHNOLOGY (LEATHER & FASHION TECHNOLOGY),Home State,BC(GIRL),195862,201829,2nd Phase Round 1
106,2nd Phase Round 1,"Harcourt Butler Technical University, Kanpur",CHEMICAL TECHNOLOGY (LEATHER & FASHION TECHNOLOGY),Home State,BC,179491,192842,2nd Phase Round 1
